ID,wk1,wk2,wk3,wk4,wk5,wk6,wk7,wk8,wk9,wk10,yr1,yr2,north,south,year,region
YL-K00,0,0,0,1,0,0,1,1,0,0,0,1,1,0,2015,north
YL-F57,0,0,0,0,0,0,1,1,0,0,0,1,0,1,2015,south
YL-F56,0,0,0,0,0,0,0,1,1,0,0,1,0,1,2015,south
YL-F53,0,0,0,0,0,0,1,0,0,0,0,1,0,1,2015,south
YL-F51,0,0,0,0,0,0,1,1,1,0,0,1,0,1,2015,south
YL-F50,0,0,0,0,0,0,0,0,0,1,0,1,0,1,2015,south
YL-F46,0,0,0,0,1,0,1,0,0,0,0,1,0,1,2015,south
YL-F44,0,0,0,0,0,0,1,0,0,0,0,1,0,1,2015,south
YL-F43,0,0,0,0,0,1,1,0,0,0,0,1,0,1,2015,south
YL-F40,0,0,0,0,0,0,0,1,1,0,0,1,0,1,2015,south
YL-F38,0,0,1,1,1,1,0,1,0,0,0,1,0,1,2015,south
YL-F35,0,0,0,0,0,0,1,1,0,0,0,1,0,1,2015,south
YL-F34,0,0,0,1,0,1,1,1,0,0,0,1,0,1,2015,south
YL-F32,0,0,0,0,0,0,1,1,0,0,0,1,0,1,2015,south
YL-F31,0,0,1,0,1,0,0,1,0,1,0,1,0,1,2015,south
YL-F29,0,0,1,0,0,1,0,0,0,0,0,1,0,1,2015,south
YL-F28,0,0,1,0,0,0,1,1,0,0,0,1,0,1,2015,south
YL-F26,0,0,1,0,0,0,1,0,0,0,0,1,0,1,2015,south
YL-F24,0,0,0,0,0,1,1,0,0,0,0,1,0,1,2015,south
YL-F23,0,0,0,0,0,0,1,1,0,0,0,1,0,1,2015,south
YL-F21,0,0,1,0,0,0,0,0,0,0,0,1,0,1,2015,south
YL-F20,0,0,0,0,1,0,0,0,0,0,0,1,0,1,2015,south
YL-F18,0,1,1,0,0,1,0,0,0,0,0,1,0,1,2015,south
YL-F17,0,0,1,1,0,0,0,0,0,0,0,1,0,1,2015,south
YL-E20,0,0,0,0,1,0,0,0,0,0,0,1,1,0,2015,north
YL-E19,0,0,0,1,0,1,1,1,1,0,0,1,1,0,2015,north
YL-E18,0,0,0,0,0,0,1,1,0,1,0,1,1,0,2015,north
YL-E15,0,0,0,0,0,1,1,0,1,0,0,1,1,0,2015,north
YL-E14,0,0,0,1,1,1,0,0,0,0,0,1,1,0,2015,north
YL-E13,0,0,0,0,0,1,0,0,0,0,0,1,1,0,2015,north
YL-E12,0,0,0,1,1,0,0,1,0,1,0,1,1,0,2015,north
YL-E10,0,0,0,0,0,0,0,1,0,0,0,1,1,0,2015,north
YL-E08,1,1,1,1,1,0,1,1,1,0,0,1,1,0,2015,north
YL-E06,0,0,0,0,1,1,1,1,0,0,0,1,1,0,2015,north
YL-E05,0,0,0,1,0,0,0,1,1,1,0,1,1,0,2015,north
YL-E04,0,0,0,0,0,1,0,0,0,0,0,1,1,0,2015,north
YL-E03,0,0,0,1,0,0,1,1,1,1,0,1,1,0,2015,north
YL-E02,0,0,0,1,0,0,0,0,0,0,0,1,1,0,2015,north
YL-E01,0,0,0,1,0,0,0,0,0,0,0,1,1,0,2015,north
YL-B85,0,0,0,0,0,0,0,1,1,0,0,1,1,0,2015,north
YL-B83,0,0,0,0,0,1,1,0,0,0,0,1,1,0,2015,north
YL-B78,0,0,0,1,0,0,0,0,0,0,0,1,1,0,2015,north
YL-B77,0,0,0,0,0,1,1,0,0,0,0,1,1,0,2015,north
YL-B71,0,0,0,0,0,1,0,0,0,0,0,1,1,0,2015,north
YL-B68,0,0,0,1,1,0,1,1,1,0,0,1,1,0,2015,north
YL-B66,0,0,0,0,0,1,0,1,0,1,0,1,1,0,2015,north
YL-B60,0,0,0,1,0,0,0,0,0,0,0,1,1,0,2015,north
YL-B59,0,0,0,0,0,0,0,1,0,0,0,1,1,0,2015,north
YL-B50,0,0,0,1,1,0,0,0,0,0,0,1,1,0,2015,north
YL-B48,0,0,0,0,0,0,0,1,0,0,0,1,1,0,2015,north
YL-B46,0,0,0,0,0,1,1,1,0,0,0,1,1,0,2015,north
RD-Y38,0,0,0,0,0,1,1,1,1,0,0,1,1,0,2015,north
RD-Y37,0,0,0,0,0,0,1,0,0,0,0,1,1,0,2015,north
RD-Y36,0,0,0,0,0,0,1,0,0,0,0,1,1,0,2015,north
RD-Y35,0,0,0,0,0,1,1,1,1,0,0,1,1,0,2015,north
RD-Y34,0,0,0,0,0,0,0,0,1,0,0,1,1,0,2015,north
RD-Y28,0,0,0,0,1,1,1,0,0,0,0,1,1,0,2015,north
RD-Y26,0,0,0,0,1,0,1,0,1,1,0,1,1,0,2015,north
RD-Y25,0,0,0,0,1,0,1,0,0,0,0,1,1,0,2015,north
RD-X51,0,0,0,0,0,1,0,1,1,1,0,1,1,0,2015,north
RD-X48,0,0,0,0,0,0,0,1,1,1,0,1,1,0,2015,north
RD-X42,0,0,0,0,1,1,0,0,1,1,0,1,1,0,2015,north
RD-X40,0,0,0,0,0,0,0,1,0,0,0,1,1,0,2015,north
RD-X38,0,0,0,0,0,1,1,1,0,1,0,1,1,0,2015,north
RD-X37,0,0,0,0,0,0,0,0,1,0,0,1,1,0,2015,north
RD-X34,0,0,0,1,1,1,1,1,1,1,0,1,1,0,2015,north
RD-X32,0,0,0,0,0,0,1,0,0,0,0,1,1,0,2015,north
RD-X28,0,0,0,0,0,0,0,1,1,1,0,1,1,0,2015,north
RD-X25,0,0,0,1,0,0,0,0,0,0,0,1,1,0,2015,north
RD-X24,0,0,0,0,0,0,0,0,0,1,0,1,1,0,2015,north
RD-X23,0,0,0,0,0,0,1,1,1,1,0,1,1,0,2015,north
RD-X21,0,0,0,0,0,0,0,1,0,0,0,1,1,0,2015,north
RD-X13,0,0,0,0,1,0,0,0,0,0,0,1,1,0,2015,north
RD-X12,0,0,0,0,1,1,1,1,1,0,0,1,1,0,2015,north
RD-X04,0,0,0,0,0,0,1,1,1,0,0,1,1,0,2015,north
RD-X02,0,0,0,1,0,0,0,1,0,0,0,1,1,0,2015,north
RD-W99,0,0,0,0,1,1,1,0,0,0,0,1,1,0,2015,north
RD-W96,0,0,0,1,1,1,1,1,1,1,0,1,1,0,2015,north
RD-W95,0,0,0,1,1,0,0,0,0,0,0,1,1,0,2015,north
RD-W89,0,0,0,1,0,1,0,1,1,1,0,1,1,0,2015,north
RD-W88,0,0,1,1,0,1,1,1,0,0,0,1,1,0,2015,north
RD-W87,0,0,0,1,0,1,0,1,0,0,0,1,1,0,2015,north
RD-W86,0,0,1,1,0,0,1,1,1,0,0,1,1,0,2015,north
RD-W85,0,0,1,1,1,0,0,0,0,0,0,1,1,0,2015,north
RD-W84,0,0,0,1,0,0,1,0,0,0,0,1,1,0,2015,north
RD-W83,0,1,1,0,1,1,1,0,0,0,0,1,1,0,2015,north
RD-W79,0,0,1,1,1,0,0,1,0,0,0,1,1,0,2015,north
RD-W78,0,0,1,1,1,1,0,0,0,0,0,1,1,0,2015,north
RD-W77,0,1,0,1,0,0,0,0,0,0,0,1,1,0,2015,north
RD-W76,0,0,1,1,0,1,0,0,0,0,0,1,1,0,2015,north
RD-W75,0,1,0,1,0,0,0,0,0,0,0,1,1,0,2015,north
RD-W74,0,0,0,1,1,1,1,0,0,1,0,1,1,0,2015,north
RD-W73,0,0,0,1,0,0,0,0,0,0,0,1,1,0,2015,north
RD-W72,0,0,1,0,0,1,0,0,0,0,0,1,1,0,2015,north
RD-W69,0,0,1,1,1,1,1,1,1,0,0,1,1,0,2015,north
RD-W68,0,0,1,1,0,0,0,1,0,0,0,1,1,0,2015,north
RD-W67,0,1,0,0,0,0,1,1,1,0,0,1,1,0,2015,north
RD-W66,0,0,0,0,0,0,1,0,0,0,0,1,1,0,2015,north
RD-W65,0,0,1,0,1,0,0,0,0,0,0,1,1,0,2015,north
RD-W64,0,0,1,0,0,0,1,1,0,0,0,1,1,0,2015,north
RD-W63,0,0,1,1,0,0,1,0,0,0,0,1,1,0,2015,north
RD-W61,0,1,0,0,1,1,1,1,1,0,0,1,1,0,2015,north
RD-W59,0,0,0,1,1,0,0,0,0,0,0,1,1,0,2015,north
RD-W58,0,0,0,1,0,0,1,1,1,0,0,1,1,0,2015,north
RD-W57,0,0,1,1,1,1,0,0,0,0,0,1,1,0,2015,north
RD-W56,0,1,0,0,0,0,1,0,0,0,0,1,1,0,2015,north
RD-W48,0,1,1,1,1,0,0,0,0,0,0,1,1,0,2015,north
RD-W45,0,0,1,1,0,0,0,0,0,0,0,1,1,0,2015,north
RD-W43,0,0,0,1,0,0,0,0,0,0,0,1,1,0,2015,north
RD-W39,0,1,1,1,0,1,1,1,0,0,0,1,1,0,2015,north
RD-W38,0,0,1,1,1,1,1,1,0,0,0,1,1,0,2015,north
RD-W36,0,0,0,0,0,1,0,0,0,0,0,1,1,0,2015,north
RD-W33,0,0,1,1,1,1,0,1,1,1,0,1,1,0,2015,north
RD-W30,0,0,0,1,0,0,1,1,1,0,0,1,1,0,2015,north
RD-W29,0,0,0,1,0,0,0,0,0,0,0,1,1,0,2015,north
RD-W28,0,0,0,0,0,1,1,1,0,0,0,1,1,0,2015,north
RD-W25,0,1,1,1,1,1,0,0,0,0,0,1,1,0,2015,north
RD-W24,0,0,0,0,0,1,0,1,0,0,0,1,1,0,2015,north
RD-W19,0,0,0,1,0,0,0,0,0,0,0,1,1,0,2015,north
RD-W18,0,1,0,1,1,0,1,1,1,1,0,1,1,0,2015,north
RD-W17,0,1,0,0,1,1,1,0,0,0,0,1,1,0,2015,north
RD-W16,0,0,0,1,1,0,1,1,0,1,0,1,1,0,2015,north
RD-W15,0,0,1,1,0,0,1,1,1,0,0,1,1,0,2015,north
RD-W14,0,0,1,1,1,1,0,0,0,0,0,1,1,0,2015,north
RD-W12,0,1,1,0,0,0,1,1,1,1,0,1,1,0,2015,north
RD-W11,0,1,1,0,0,0,1,0,1,0,0,1,1,0,2015,north
RD-W09,1,1,1,1,1,1,1,0,0,0,0,1,1,0,2015,north
RD-W06,0,1,0,0,0,1,0,1,1,0,0,1,1,0,2015,north
RD-W01,0,1,1,0,0,0,0,1,0,0,0,1,1,0,2015,north
RD-V99,0,0,0,0,0,1,0,0,0,0,0,1,1,0,2015,north
RD-V75,0,0,0,1,1,1,0,1,0,1,0,1,1,0,2015,north
RD-V73,0,0,0,0,0,1,0,0,0,0,0,1,1,0,2015,north
RD-V69,0,0,0,0,0,0,1,1,0,1,0,1,1,0,2015,north
RD-V67,0,0,0,0,0,1,0,0,0,1,0,1,1,0,2015,north
RD-V65,0,0,0,0,0,0,1,1,0,0,0,1,1,0,2015,north
RD-V64,0,0,0,0,0,1,0,0,0,0,0,1,1,0,2015,north
RD-V61,0,1,0,1,1,1,1,1,1,0,0,1,1,0,2015,north
RD-V59,0,0,0,0,0,0,1,1,0,0,0,1,1,0,2015,north
RD-V58,0,0,0,0,0,1,0,0,0,0,0,1,1,0,2015,north
RD-V52,0,0,0,0,1,0,0,0,0,0,0,1,1,0,2015,north
RD-V51,0,0,0,0,1,1,0,1,1,0,0,1,1,0,2015,north
RD-V46,0,0,0,1,1,0,1,1,0,0,0,1,1,0,2015,north
RD-V45,0,0,0,1,1,1,0,0,0,0,0,1,1,0,2015,north
RD-V43,0,0,1,1,0,0,1,1,0,0,0,1,1,0,2015,north
RD-V40,0,0,0,1,0,0,1,1,1,0,0,1,1,0,2015,north
RD-V37,0,0,0,1,0,0,1,0,0,0,0,1,1,0,2015,north
RD-V36,0,1,1,0,1,0,1,0,1,0,0,1,1,0,2015,north
RD-V33,0,0,0,1,0,0,0,1,0,0,0,1,1,0,2015,north
RD-V30,0,0,1,0,0,0,1,0,0,0,0,1,1,0,2015,north
RD-V28,0,0,0,1,1,1,1,0,0,0,0,1,1,0,2015,north
RD-V26,0,0,0,1,0,0,1,1,0,0,0,1,1,0,2015,north
RD-V25,0,0,1,1,1,0,1,1,0,0,0,1,1,0,2015,north
RD-V24,0,0,0,0,0,1,0,1,0,0,0,1,1,0,2015,north
RD-V23,0,1,1,1,0,0,0,0,0,1,0,1,1,0,2015,north
RD-V22,0,0,1,1,0,1,0,0,0,0,0,1,1,0,2015,north
RD-V21,0,0,1,1,0,1,1,0,0,0,0,1,1,0,2015,north
RD-V20,0,0,1,1,0,1,1,1,0,0,0,1,1,0,2015,north
RD-V17,0,0,1,0,1,1,0,0,0,0,0,1,1,0,2015,north
RD-V16,0,0,0,1,0,0,0,0,0,0,0,1,1,0,2015,north
RD-V15,0,0,0,0,1,0,0,1,0,0,0,1,1,0,2015,north
RD-V11,0,0,0,1,1,1,0,1,0,0,0,1,1,0,2015,north
RD-V09,0,0,1,1,1,1,1,0,0,0,0,1,1,0,2015,north
RD-V08,0,0,0,0,1,0,0,0,0,0,0,1,1,0,2015,north
RD-V06,0,0,0,1,1,1,1,0,0,0,0,1,1,0,2015,north
RD-V04,0,0,1,1,1,1,1,1,1,0,0,1,1,0,2015,north
RD-V03,0,0,0,1,1,0,1,1,0,0,0,1,1,0,2015,north
RD-V01,0,0,1,0,1,0,1,0,1,1,0,1,1,0,2015,north
RD-U99,0,0,1,1,1,1,1,1,0,0,0,1,1,0,2015,north
RD-U97,0,0,1,1,0,0,0,1,1,1,0,1,1,0,2015,north
RD-U96,0,0,0,1,1,1,1,1,1,1,0,1,1,0,2015,north
RD-U94,0,0,0,0,0,1,0,0,0,0,0,1,1,0,2015,north
RD-U91,0,0,0,1,0,1,1,1,1,1,0,1,1,0,2015,north
RD-U90,0,0,0,1,0,0,0,1,1,0,0,1,1,0,2015,north
RD-U89,0,0,0,1,1,1,0,1,1,0,0,1,1,0,2015,north
RD-U87,0,0,0,1,0,0,0,0,0,0,0,1,1,0,2015,north
RD-U81,0,0,0,1,0,0,0,0,0,0,0,1,1,0,2015,north
RD-U78,0,0,0,0,0,0,1,1,1,0,0,1,1,0,2015,north
RD-U75,0,0,0,0,0,0,1,0,0,0,0,1,1,0,2015,north
RD-U69,0,0,0,0,0,0,0,1,0,0,0,1,1,0,2015,north
RD-U67,0,0,0,1,1,1,1,1,0,1,0,1,1,0,2015,north
RD-U66,0,0,1,1,0,1,1,1,0,0,0,1,1,0,2015,north
RD-U65,0,0,0,0,1,1,1,1,1,0,0,1,1,0,2015,north
RD-U62,0,0,0,1,1,1,1,0,0,0,0,1,1,0,2015,north
RD-U61,0,0,0,0,0,0,1,0,0,0,0,1,1,0,2015,north
RD-U59,0,0,1,0,0,0,0,1,1,0,0,1,1,0,2015,north
RD-U58,0,0,1,1,1,1,1,1,1,0,0,1,1,0,2015,north
RD-U57,0,0,0,1,1,1,1,1,1,0,0,1,1,0,2015,north
RD-U55,0,0,1,1,0,0,0,1,0,0,0,1,1,0,2015,north
RD-U54,0,0,1,0,0,1,0,0,0,0,0,1,1,0,2015,north
RD-U52,0,0,0,0,0,1,0,0,0,0,0,1,1,0,2015,north
RD-U49,0,1,1,0,0,1,0,1,1,0,0,1,1,0,2015,north
RD-U48,0,0,0,0,0,1,0,0,0,0,0,1,1,0,2015,north
RD-U46,0,0,1,1,0,0,1,1,1,1,0,1,1,0,2015,north
RD-U43,0,0,0,0,0,0,0,1,0,0,0,1,1,0,2015,north
RD-U39,0,0,1,1,1,1,1,1,1,1,0,1,1,0,2015,north
RD-U37,0,0,0,0,0,0,1,0,0,0,0,1,1,0,2015,north
RD-U33,0,0,0,0,0,0,1,0,0,0,0,1,1,0,2015,north
RD-U30,0,0,1,1,1,1,1,1,1,1,0,1,1,0,2015,north
RD-U28,0,0,1,1,0,1,1,1,0,0,0,1,1,0,2015,north
RD-U27,0,0,1,1,1,0,0,0,0,0,0,1,1,0,2015,north
RD-U25,0,0,1,0,0,0,0,0,1,0,0,1,1,0,2015,north
RD-U21,0,1,1,1,1,1,1,1,1,0,0,1,1,0,2015,north
RD-U20,0,1,1,1,1,0,1,1,0,0,0,1,1,0,2015,north
RD-U19,0,0,0,1,1,0,1,0,1,0,0,1,1,0,2015,north
RD-T99,0,1,1,0,1,1,1,0,0,0,0,1,1,0,2015,north
RD-T96,0,0,1,1,0,0,1,1,1,0,0,1,1,0,2015,north
RD-T90,0,0,0,0,0,0,1,0,0,0,0,1,1,0,2015,north
RD-T69,0,0,0,0,0,0,0,1,0,0,0,1,1,0,2015,north
RD-T00,0,0,1,1,1,1,0,0,0,0,0,1,1,0,2015,north
RD-S99,0,0,0,1,0,0,1,1,1,0,0,1,1,0,2015,north
RD-S98,0,0,0,0,1,1,0,1,1,0,0,1,1,0,2015,north
RD-S96,0,0,1,1,1,1,0,1,1,0,0,1,1,0,2015,north
RD-S95,0,0,1,1,1,0,0,0,0,0,0,1,1,0,2015,north
RD-S94,0,0,0,1,0,0,0,0,0,0,0,1,1,0,2015,north
RD-S93,0,0,1,1,1,0,1,1,0,0,0,1,1,0,2015,north
RD-S91,0,0,1,0,0,0,0,0,0,0,0,1,1,0,2015,north
RD-S90,0,0,1,0,0,0,0,0,0,0,0,1,1,0,2015,north
RD-S89,0,0,0,1,0,0,0,1,0,0,0,1,1,0,2015,north
RD-S88,0,0,1,0,1,0,0,0,0,0,0,1,1,0,2015,north
RD-S85,0,0,0,1,1,0,0,1,0,1,0,1,1,0,2015,north
RD-S84,0,1,1,1,1,0,1,1,0,0,0,1,1,0,2015,north
RD-S83,0,0,1,1,1,1,1,1,1,0,0,1,1,0,2015,north
RD-S82,0,0,0,1,0,0,1,1,0,0,0,1,1,0,2015,north
RD-S81,0,0,1,1,1,1,1,1,1,0,0,1,1,0,2015,north
RD-S79,0,0,0,1,0,1,1,1,0,0,0,1,1,0,2015,north
RD-S78,0,0,1,1,1,0,0,1,0,0,0,1,1,0,2015,north
RD-S77,0,0,0,0,0,0,1,1,1,0,0,1,1,0,2015,north
RD-S76,0,1,1,1,1,1,1,1,1,0,0,1,1,0,2015,north
RD-S75,0,0,0,1,1,1,0,0,0,0,0,1,1,0,2015,north
RD-S72,0,0,1,0,0,0,0,1,0,0,0,1,1,0,2015,north
RD-S71,0,0,1,1,0,0,1,1,1,0,0,1,1,0,2015,north
RD-S70,0,0,1,1,0,1,1,1,1,1,0,1,1,0,2015,north
RD-S69,0,0,0,1,1,0,0,1,0,0,0,1,1,0,2015,north
RD-S68,0,0,0,0,1,1,0,0,0,0,0,1,1,0,2015,north
RD-S67,0,0,1,1,1,0,0,1,0,0,0,1,1,0,2015,north
RD-S66,0,0,0,1,1,1,0,0,0,0,0,1,1,0,2015,north
RD-S64,0,0,1,0,0,0,0,1,1,1,0,1,1,0,2015,north
RD-S63,0,0,1,1,0,0,1,1,0,0,0,1,1,0,2015,north
RD-S62,0,0,1,1,1,0,0,0,0,0,0,1,1,0,2015,north
RD-S60,0,0,1,1,0,1,1,1,1,0,0,1,1,0,2015,north
RD-S59,0,0,1,1,0,1,1,0,1,0,0,1,1,0,2015,north
RD-S58,0,1,0,1,1,0,0,0,0,0,0,1,1,0,2015,north
RD-S57,0,0,0,1,1,0,0,1,1,1,0,1,1,0,2015,north
RD-S56,0,0,0,1,0,1,1,0,0,0,0,1,1,0,2015,north
RD-S55,0,0,1,1,1,0,1,1,0,1,0,1,1,0,2015,north
RD-S54,0,0,1,0,0,0,1,1,0,0,0,1,1,0,2015,north
RD-S53,0,0,0,1,1,1,1,1,0,0,0,1,1,0,2015,north
RD-S51,1,0,0,1,0,0,1,0,0,0,0,1,1,0,2015,north
RD-S26,0,0,0,0,0,0,1,1,0,0,0,1,1,0,2015,north
RD-S00,0,0,0,1,1,1,1,1,0,0,0,1,1,0,2015,north
RD-L32,0,0,0,0,0,1,0,1,0,1,0,1,1,0,2015,north
RD-L30,0,0,0,0,0,1,0,0,0,0,0,1,1,0,2015,north
RD-L29,0,0,1,1,1,1,1,1,0,1,0,1,1,0,2015,north
RD-L28,0,0,0,1,1,1,1,1,0,0,0,1,1,0,2015,north
RD-L27,0,0,1,1,1,1,0,1,0,0,0,1,1,0,2015,north
RD-L24,0,0,0,1,1,1,1,1,1,0,0,1,1,0,2015,north
RD-L23,0,0,0,0,1,1,1,0,0,0,0,1,1,0,2015,north
RD-L22,0,0,0,0,1,0,1,0,1,1,0,1,1,0,2015,north
RD-L21,0,0,0,0,1,1,0,0,0,0,0,1,1,0,2015,north
RD-L20,0,0,0,0,1,1,1,1,1,0,0,1,1,0,2015,north
RD-L16,0,0,0,0,0,0,0,0,1,0,0,1,1,0,2015,north
RD-L15,0,0,1,1,0,1,0,0,0,0,0,1,1,0,2015,north
RD-L14,0,0,0,1,0,0,0,0,0,0,0,1,1,0,2015,north
RD-L13,0,0,0,0,0,0,0,0,1,0,0,1,1,0,2015,north
RD-L12,0,0,0,0,1,1,1,0,1,1,0,1,1,0,2015,north
RD-L11,0,0,0,0,0,0,1,1,0,0,0,1,1,0,2015,north
RD-L10,0,0,0,0,1,1,0,1,0,0,0,1,1,0,2015,north
RD-L09,0,0,1,0,0,0,0,1,0,0,0,1,1,0,2015,north
RD-L08,0,0,0,1,0,1,1,1,0,1,0,1,1,0,2015,north
RD-L07,0,0,0,1,1,1,1,1,0,0,0,1,1,0,2015,north
RD-J98,0,0,0,1,0,0,1,1,1,0,0,1,1,0,2015,north
RD-J77,0,0,0,0,1,1,1,0,1,1,0,1,1,0,2015,north
RD-J75,0,0,0,0,0,0,0,1,1,1,0,1,1,0,2015,north
RD-J73,0,0,0,0,1,1,0,1,0,1,0,1,1,0,2015,north
RD-J72,0,0,0,1,1,1,1,1,1,0,0,1,1,0,2015,north
RD-J71,0,1,1,0,0,0,0,1,0,0,0,1,1,0,2015,north
RD-J70,0,0,0,1,0,0,1,0,0,0,0,1,1,0,2015,north
RD-J69,0,0,0,0,0,1,1,1,0,1,0,1,1,0,2015,north
RD-J68,0,0,0,0,0,1,0,0,1,0,0,1,1,0,2015,north
RD-J67,0,0,1,1,1,0,1,0,0,0,0,1,1,0,2015,north
RD-J66,0,0,0,1,1,0,1,1,0,0,0,1,1,0,2015,north
RD-J64,0,1,1,0,1,1,1,1,1,0,0,1,1,0,2015,north
RD-J54,0,0,1,0,0,0,0,0,0,0,0,1,1,0,2015,north
RD-J39,0,1,0,0,0,0,0,1,0,0,0,1,1,0,2015,north
DB-Z60,0,0,0,0,0,0,1,0,1,0,0,1,0,1,2015,south
DB-Z57,0,0,0,0,0,0,1,0,0,1,0,1,0,1,2015,south
DB-Z56,0,0,0,0,0,0,0,1,1,1,0,1,0,1,2015,south
DB-Z55,0,0,0,0,1,0,1,1,1,0,0,1,0,1,2015,south
DB-Z52,0,0,0,0,1,1,1,1,0,0,0,1,0,1,2015,south
DB-Z28,0,0,0,0,0,1,0,0,0,1,0,1,0,1,2015,south
DB-Z26,0,0,0,0,1,1,1,0,1,0,0,1,0,1,2015,south
DB-Z21,0,0,0,0,0,1,1,0,1,0,0,1,0,1,2015,south
DB-Z20,0,0,0,0,0,1,1,0,0,0,0,1,0,1,2015,south
DB-Z19,0,0,0,0,1,0,1,1,0,0,0,1,0,1,2015,south
DB-Z18,0,0,0,0,0,0,1,0,1,1,0,1,0,1,2015,south
DB-Z14,0,0,0,0,0,0,1,0,0,0,0,1,0,1,2015,south
DB-Z13,0,0,0,0,0,1,1,1,1,1,0,1,0,1,2015,south
DB-Z12,0,0,0,0,0,0,0,1,0,0,0,1,0,1,2015,south
DB-Z11,0,0,0,0,0,0,0,0,0,1,0,1,0,1,2015,south
DB-Z10,0,0,0,0,0,0,1,1,1,1,0,1,0,1,2015,south
DB-Z08,0,0,0,0,0,0,1,0,0,0,0,1,0,1,2015,south
DB-Y98,0,0,1,1,0,1,1,1,1,1,0,1,0,1,2015,south
DB-Y94,0,0,0,0,0,0,1,0,0,0,0,1,0,1,2015,south
DB-Y93,0,0,0,0,0,0,0,1,0,0,0,1,0,1,2015,south
DB-Y90,0,0,0,0,1,1,1,1,0,0,0,1,0,1,2015,south
DB-Y89,0,0,0,0,0,1,1,1,1,0,0,1,0,1,2015,south
DB-Y86,0,0,0,0,0,1,0,0,0,0,0,1,0,1,2015,south
DB-Y84,0,0,0,0,0,0,1,0,1,0,0,1,0,1,2015,south
DB-Y82,0,0,1,0,1,1,0,1,1,1,0,1,0,1,2015,south
DB-Y81,0,0,0,0,0,1,0,1,0,0,0,1,0,1,2015,south
DB-Y79,0,0,0,0,0,0,1,0,0,0,0,1,0,1,2015,south
DB-Y78,0,0,1,0,0,0,1,0,0,0,0,1,0,1,2015,south
DB-Y77,0,0,0,0,0,0,0,1,1,0,0,1,0,1,2015,south
DB-Y75,0,0,1,1,0,1,1,0,1,0,0,1,0,1,2015,south
DB-Y74,0,0,1,1,1,1,0,0,0,0,0,1,0,1,2015,south
DB-Y73,0,0,0,0,1,1,0,1,0,1,0,1,0,1,2015,south
DB-Y71,0,0,0,0,0,0,0,1,0,0,0,1,0,1,2015,south
DB-Y70,0,0,0,0,0,0,1,1,1,0,0,1,0,1,2015,south
DB-Y68,0,0,0,0,0,0,0,1,0,0,0,1,0,1,2015,south
DB-Y66,0,0,0,0,0,0,0,1,1,0,0,1,0,1,2015,south
DB-Y65,0,1,0,0,0,0,0,0,1,0,0,1,0,1,2015,south
DB-Y64,0,0,1,0,1,1,1,1,0,0,0,1,0,1,2015,south
DB-Y62,0,0,0,0,0,0,0,0,1,0,0,1,0,1,2015,south
DB-Y61,0,0,0,0,0,0,1,1,1,0,0,1,0,1,2015,south
DB-Y60,0,0,1,1,1,1,0,1,0,0,0,1,0,1,2015,south
DB-Y59,0,0,1,0,1,0,0,0,0,0,0,1,0,1,2015,south
DB-Y58,0,0,0,1,1,1,1,1,0,0,0,1,0,1,2015,south
DB-Y57,0,0,0,1,0,0,0,1,1,0,0,1,0,1,2015,south
DB-Y56,0,0,0,0,0,0,1,0,0,0,0,1,0,1,2015,south
DB-Y54,0,1,1,1,1,1,1,1,1,1,0,1,0,1,2015,south
DB-Y53,0,0,0,0,0,1,1,0,1,0,0,1,0,1,2015,south
DB-Y52,0,0,0,0,0,0,1,0,0,0,0,1,0,1,2015,south
DB-Y51,0,0,0,1,1,1,1,1,1,1,0,1,0,1,2015,south
DB-Y49,0,0,0,0,0,1,0,0,0,0,0,1,0,1,2015,south
DB-Y48,0,0,0,1,1,1,1,0,1,0,0,1,0,1,2015,south
DB-Y47,0,0,0,0,1,0,0,0,1,0,0,1,0,1,2015,south
DB-Y45,0,0,0,1,1,0,0,0,0,0,0,1,0,1,2015,south
DB-Y44,0,0,0,0,1,0,0,0,0,0,0,1,0,1,2015,south
DB-Y43,0,0,1,0,0,0,0,0,0,0,0,1,0,1,2015,south
DB-Y41,0,0,0,0,1,0,0,0,0,0,0,1,0,1,2015,south
DB-Y38,0,0,1,1,0,1,0,1,0,0,0,1,0,1,2015,south
DB-Y37,0,0,1,0,0,1,1,1,1,0,0,1,0,1,2015,south
DB-Y33,0,0,0,0,0,0,0,1,0,1,0,1,0,1,2015,south
DB-Y32,0,0,0,0,0,0,1,0,0,0,0,1,0,1,2015,south
DB-Y30,0,0,0,1,0,1,0,0,0,0,0,1,0,1,2015,south
DB-Y27,0,0,1,0,1,0,1,1,0,0,0,1,0,1,2015,south
DB-Y26,0,0,0,0,0,0,1,1,1,1,0,1,0,1,2015,south
DB-Y25,0,0,1,1,1,1,0,0,0,0,0,1,0,1,2015,south
DB-Y24,0,0,0,1,1,0,1,0,1,0,0,1,0,1,2015,south
DB-Y23,0,0,0,0,0,0,1,0,0,0,0,1,0,1,2015,south
DB-Y22,0,0,1,1,0,1,1,0,1,0,0,1,0,1,2015,south
DB-Y21,0,0,0,0,1,0,0,0,0,0,0,1,0,1,2015,south
DB-Y20,0,0,0,1,0,0,1,0,0,0,0,1,0,1,2015,south
DB-Y19,0,0,1,0,1,1,1,0,0,0,0,1,0,1,2015,south
DB-Y18,0,0,0,0,0,0,1,1,1,0,0,1,0,1,2015,south
DB-Y17,0,0,0,0,0,0,0,1,0,0,0,1,0,1,2015,south
DB-Y14,0,0,0,0,1,1,0,0,0,0,0,1,0,1,2015,south
DB-Y13,0,0,0,0,0,1,0,0,0,0,0,1,0,1,2015,south
DB-Y10,0,0,1,0,0,0,0,0,0,0,0,1,0,1,2015,south
DB-Y09,0,1,0,0,0,1,1,1,0,0,0,1,0,1,2015,south
DB-Y07,0,0,0,1,0,0,0,0,0,0,0,1,0,1,2015,south
DB-Y06,0,0,0,0,0,0,1,1,1,0,0,1,0,1,2015,south
DB-Y05,0,0,1,0,0,0,0,0,0,0,0,1,0,1,2015,south
DB-Y04,0,0,0,0,1,0,0,0,0,0,0,1,0,1,2015,south
DB-Y03,0,0,1,0,0,0,0,0,0,0,0,1,0,1,2015,south
DB-Y00,0,0,0,1,0,0,1,0,0,0,0,1,0,1,2015,south
DB-X99,0,0,0,0,1,0,0,0,0,0,0,1,0,1,2015,south
DB-X98,0,0,0,0,0,0,0,1,0,0,0,1,0,1,2015,south
DB-X96,0,0,0,0,0,0,1,1,1,0,0,1,0,1,2015,south
DB-X94,0,0,0,0,1,1,1,1,0,0,0,1,0,1,2015,south
DB-X93,0,0,0,1,0,0,0,0,0,0,0,1,0,1,2015,south
DB-X92,0,0,0,0,0,0,0,1,0,1,0,1,0,1,2015,south
DB-X90,0,0,1,1,0,0,0,1,0,0,0,1,0,1,2015,south
DB-X89,0,0,0,0,1,1,1,1,1,0,0,1,0,1,2015,south
DB-X88,0,0,0,0,0,1,0,0,0,0,0,1,0,1,2015,south
DB-X87,0,0,0,1,1,1,0,1,0,0,0,1,0,1,2015,south
DB-X86,0,0,1,0,0,0,1,1,0,0,0,1,0,1,2015,south
DB-X84,0,0,0,0,0,0,0,1,0,0,0,1,0,1,2015,south
DB-X83,0,0,1,0,0,0,1,1,0,0,0,1,0,1,2015,south
DB-X82,0,0,1,0,0,0,1,0,0,0,0,1,0,1,2015,south
DB-X80,0,0,0,0,0,1,1,1,0,0,0,1,0,1,2015,south
DB-X78,0,0,0,0,0,0,0,1,1,0,0,1,0,1,2015,south
DB-X74,0,0,0,0,1,0,0,0,0,0,0,1,0,1,2015,south
DB-X73,0,0,0,0,0,0,0,1,0,0,0,1,0,1,2015,south
DB-X71,0,0,0,0,0,0,1,1,1,0,0,1,0,1,2015,south
DB-X70,0,0,0,0,1,0,0,0,1,0,0,1,0,1,2015,south
DB-X69,0,0,0,0,1,0,0,0,0,0,0,1,0,1,2015,south
DB-X68,0,0,0,0,0,0,1,0,0,0,0,1,0,1,2015,south
DB-X65,0,0,0,0,0,1,1,1,1,0,0,1,0,1,2015,south
DB-X64,0,0,0,0,0,0,0,1,1,0,0,1,0,1,2015,south
DB-X62,0,0,0,0,1,1,1,1,0,0,0,1,0,1,2015,south
DB-X61,0,0,0,0,0,1,1,1,0,0,0,1,0,1,2015,south
DB-X59,0,0,0,0,0,0,0,1,1,0,0,1,0,1,2015,south
DB-X58,0,0,0,0,1,0,0,1,0,0,0,1,0,1,2015,south
DB-X57,0,0,1,0,1,1,1,0,1,1,0,1,0,1,2015,south
DB-X56,0,0,0,0,1,0,1,1,0,0,0,1,0,1,2015,south
DB-X55,0,0,0,0,1,0,1,0,1,0,0,1,0,1,2015,south
DB-X54,0,0,1,0,1,1,1,0,0,0,0,1,0,1,2015,south
DB-X52,0,0,1,1,1,1,0,1,1,0,0,1,0,1,2015,south
DB-X51,0,0,0,0,1,0,0,1,1,0,0,1,0,1,2015,south
DB-X50,0,0,0,1,0,0,0,0,0,0,0,1,0,1,2015,south
DB-X49,0,0,0,0,1,0,0,0,0,0,0,1,0,1,2015,south
DB-X48,0,0,0,1,0,0,1,0,0,0,0,1,0,1,2015,south
DB-X46,0,0,0,0,1,1,0,1,0,0,0,1,0,1,2015,south
DB-X44,0,0,0,0,1,1,0,0,0,0,0,1,0,1,2015,south
DB-X42,0,0,0,1,0,0,1,1,0,0,0,1,0,1,2015,south
DB-X41,0,0,0,1,1,0,0,1,1,0,0,1,0,1,2015,south
DB-X40,0,0,0,0,1,0,1,1,0,0,0,1,0,1,2015,south
DB-X39,0,0,0,0,1,0,0,1,0,0,0,1,0,1,2015,south
DB-X37,0,0,0,0,0,0,0,1,0,0,0,1,0,1,2015,south
DB-X35,0,0,0,0,0,0,1,0,0,0,0,1,0,1,2015,south
DB-X34,0,0,0,0,1,0,0,0,1,0,0,1,0,1,2015,south
DB-X33,0,0,0,0,0,0,1,1,0,0,0,1,0,1,2015,south
DB-X32,0,0,1,1,1,0,0,0,1,0,0,1,0,1,2015,south
DB-X31,0,0,0,1,1,0,1,1,0,0,0,1,0,1,2015,south
DB-X30,0,0,1,0,0,0,1,0,0,0,0,1,0,1,2015,south
DB-X29,0,0,0,0,1,0,1,1,0,0,0,1,0,1,2015,south
DB-X28,0,1,0,0,1,0,0,0,0,0,0,1,0,1,2015,south
DB-X27,0,0,0,0,0,0,1,0,0,0,0,1,0,1,2015,south
DB-X25,0,0,0,0,1,0,0,0,0,0,0,1,0,1,2015,south
DB-X22,0,1,1,0,1,0,0,0,1,0,0,1,0,1,2015,south
DB-X20,0,0,0,1,0,0,1,1,0,0,0,1,0,1,2015,south
DB-X18,0,0,1,0,0,0,1,0,1,0,0,1,0,1,2015,south
DB-X16,0,0,0,0,1,1,0,0,0,0,0,1,0,1,2015,south
DB-X15,0,0,0,0,0,1,0,1,0,0,0,1,0,1,2015,south
DB-X14,0,0,1,0,1,0,0,0,0,0,0,1,0,1,2015,south
DB-X10,0,0,0,1,0,0,0,0,0,0,0,1,0,1,2015,south
DB-X09,0,0,0,1,0,0,0,0,0,0,0,1,0,1,2015,south
DB-X07,0,0,0,0,1,0,0,0,0,0,0,1,0,1,2015,south
DB-X06,0,0,1,0,0,1,0,0,0,0,0,1,0,1,2015,south
DB-X04,0,0,0,0,0,0,0,1,1,1,0,1,0,1,2015,south
DB-X03,0,0,0,0,0,0,1,1,0,0,0,1,0,1,2015,south
DB-X02,0,0,1,0,0,0,0,0,0,0,0,1,0,1,2015,south
DB-X01,0,0,1,1,1,0,1,1,1,0,0,1,0,1,2015,south
DB-W99,0,0,0,0,0,0,0,0,1,0,0,1,0,1,2015,south
DB-W97,0,0,0,0,0,0,1,1,0,0,0,1,0,1,2015,south
DB-W95,0,0,0,0,1,0,1,1,0,0,0,1,0,1,2015,south
DB-W93,0,0,0,0,0,0,1,1,0,0,0,1,0,1,2015,south
DB-W90,0,0,0,0,0,0,1,1,0,1,0,1,0,1,2015,south
DB-W89,0,0,0,0,0,0,1,1,1,1,0,1,0,1,2015,south
DB-W87,0,0,0,0,1,0,0,0,0,0,0,1,0,1,2015,south
DB-W86,0,0,0,1,0,0,1,1,0,0,0,1,0,1,2015,south
DB-W84,0,0,0,0,1,1,1,0,0,0,0,1,0,1,2015,south
DB-W82,0,0,0,0,1,1,1,1,1,0,0,1,0,1,2015,south
DB-W80,0,0,0,0,0,0,0,0,1,0,0,1,0,1,2015,south
DB-W79,0,0,0,0,0,0,0,1,0,0,0,1,0,1,2015,south
DB-W78,0,0,0,0,0,0,0,1,0,0,0,1,0,1,2015,south
DB-W76,0,0,0,0,1,0,0,0,0,0,0,1,0,1,2015,south
DB-W75,0,0,0,0,0,1,0,0,0,0,0,1,0,1,2015,south
DB-W74,0,0,0,0,0,0,1,1,0,0,0,1,0,1,2015,south
DB-W71,0,0,0,0,0,0,1,0,0,0,0,1,0,1,2015,south
DB-W70,0,0,0,0,0,0,0,1,1,0,0,1,0,1,2015,south
DB-W66,0,0,0,0,0,1,0,0,0,0,0,1,0,1,2015,south
DB-W65,0,0,0,0,0,0,1,0,0,0,0,1,0,1,2015,south
DB-W62,0,0,0,0,0,1,0,0,0,0,0,1,0,1,2015,south
DB-W61,0,0,0,1,0,1,0,0,0,0,0,1,0,1,2015,south
DB-W59,0,0,0,0,0,0,1,1,1,0,0,1,0,1,2015,south
DB-W58,0,0,0,0,0,1,0,1,1,0,0,1,0,1,2015,south
DB-W57,0,0,0,0,0,0,0,0,1,0,0,1,0,1,2015,south
DB-W56,0,0,0,0,0,0,0,0,1,0,0,1,0,1,2015,south
DB-W55,0,0,0,0,0,0,0,1,0,0,0,1,0,1,2015,south
DB-W53,0,0,0,1,0,1,1,1,0,0,0,1,0,1,2015,south
DB-W51,0,0,1,1,1,0,1,1,0,0,0,1,0,1,2015,south
DB-W50,0,0,0,0,1,1,1,0,0,0,0,1,0,1,2015,south
DB-W48,0,0,0,0,1,0,1,1,1,1,0,1,0,1,2015,south
DB-W47,0,0,0,0,1,1,1,1,1,0,0,1,0,1,2015,south
DB-W45,0,0,0,0,1,1,1,0,1,0,0,1,0,1,2015,south
DB-W44,0,0,0,0,1,1,1,1,0,0,0,1,0,1,2015,south
DB-W43,0,0,0,0,0,0,1,1,1,0,0,1,0,1,2015,south
DB-W41,0,0,0,0,1,0,0,0,0,0,0,1,0,1,2015,south
DB-W40,0,0,0,0,1,0,1,1,1,0,0,1,0,1,2015,south
DB-W39,0,0,1,1,1,1,0,0,0,0,0,1,0,1,2015,south
DB-W37,0,0,0,0,0,1,0,0,1,0,0,1,0,1,2015,south
DB-W36,0,0,0,0,1,1,1,0,0,0,0,1,0,1,2015,south
DB-W35,0,0,0,0,1,0,1,1,0,0,0,1,0,1,2015,south
DB-W33,0,0,0,0,0,0,1,1,0,0,0,1,0,1,2015,south
DB-W32,0,0,0,0,0,0,1,0,1,0,0,1,0,1,2015,south
DB-W29,0,0,0,0,1,0,0,0,0,0,0,1,0,1,2015,south
DB-W27,0,0,0,0,0,0,1,0,0,0,0,1,0,1,2015,south
DB-W25,0,0,0,0,0,0,0,1,0,0,0,1,0,1,2015,south
DB-W23,0,0,0,0,0,0,1,1,1,1,0,1,0,1,2015,south
DB-W22,0,0,0,0,0,1,0,0,0,0,0,1,0,1,2015,south
DB-W21,0,0,0,0,0,1,1,1,1,1,0,1,0,1,2015,south
DB-W20,0,0,0,0,0,0,1,0,0,0,0,1,0,1,2015,south
DB-W19,0,0,0,0,0,0,1,1,1,0,0,1,0,1,2015,south
DB-W17,0,0,0,0,0,0,1,1,1,0,0,1,0,1,2015,south
DB-W16,0,0,0,0,1,0,1,0,1,0,0,1,0,1,2015,south
DB-W14,0,0,0,1,0,0,0,0,0,0,0,1,0,1,2015,south
DB-W13,0,0,0,0,1,1,1,1,1,1,0,1,0,1,2015,south
DB-W12,0,0,0,0,1,0,0,0,0,0,0,1,0,1,2015,south
DB-W11,0,0,0,0,0,1,0,1,0,0,0,1,0,1,2015,south
DB-W09,0,0,0,0,1,1,0,0,1,0,0,1,0,1,2015,south
DB-W08,0,0,0,0,1,1,0,1,0,0,0,1,0,1,2015,south
DB-W07,0,0,0,0,0,0,1,0,1,0,0,1,0,1,2015,south
DB-W06,0,0,0,0,0,0,0,1,0,0,0,1,0,1,2015,south
DB-W05,0,0,0,1,0,0,0,0,1,0,0,1,0,1,2015,south
DB-W04,0,0,0,0,0,0,1,0,0,0,0,1,0,1,2015,south
DB-W03,0,0,0,0,0,0,1,0,0,0,0,1,0,1,2015,south
DB-W02,0,0,0,0,0,0,1,1,0,0,0,1,0,1,2015,south
DB-W00,0,0,0,0,0,1,1,0,1,0,0,1,0,1,2015,south
DB-V94,0,0,0,0,0,0,1,0,0,0,0,1,0,1,2015,south
DB-V86,0,0,0,0,0,0,0,1,0,0,0,1,0,1,2015,south
DB-V82,0,0,0,0,0,1,0,0,0,0,0,1,0,1,2015,south
DB-U99,0,0,0,0,0,0,1,0,0,1,0,1,0,1,2015,south
DB-U96,0,0,0,0,0,1,0,0,1,1,0,1,0,1,2015,south
DB-U93,0,0,0,0,0,0,0,0,1,0,0,1,0,1,2015,south
DB-U92,0,0,0,0,0,0,1,1,1,0,0,1,0,1,2015,south
DB-U91,0,0,0,0,1,0,1,1,1,1,0,1,0,1,2015,south
DB-U89,0,0,0,0,0,0,0,1,0,0,0,1,0,1,2015,south
DB-U88,0,0,0,0,0,0,1,0,0,0,0,1,0,1,2015,south
DB-U86,0,0,0,0,1,1,1,1,0,0,0,1,0,1,2015,south
DB-U84,0,0,0,0,0,0,0,1,0,0,0,1,0,1,2015,south
DB-U82,0,0,0,0,0,0,1,1,0,0,0,1,0,1,2015,south
DB-U77,0,0,0,1,1,0,0,1,1,0,0,1,0,1,2015,south
DB-U76,0,0,0,0,0,0,0,1,0,0,0,1,0,1,2015,south
DB-U75,0,0,0,0,0,0,1,1,1,0,0,1,0,1,2015,south
DB-U73,0,0,0,0,0,0,1,0,0,0,0,1,0,1,2015,south
DB-U72,0,0,0,0,1,0,0,1,0,0,0,1,0,1,2015,south
DB-U69,0,0,0,0,0,1,1,1,1,1,0,1,0,1,2015,south
DB-U67,0,0,0,0,0,0,0,1,0,0,0,1,0,1,2015,south
DB-U66,0,0,0,0,0,1,0,0,0,0,0,1,0,1,2015,south
DB-U65,0,0,0,0,1,0,0,0,0,0,0,1,0,1,2015,south
DB-U63,0,0,0,0,0,1,0,1,1,0,0,1,0,1,2015,south
DB-U60,0,0,0,0,0,0,0,1,0,0,0,1,0,1,2015,south
DB-U58,0,0,0,0,1,1,0,0,0,0,0,1,0,1,2015,south
DB-U53,0,0,0,0,1,1,1,1,1,0,0,1,0,1,2015,south
DB-U52,0,0,0,0,0,0,0,0,1,0,0,1,0,1,2015,south
DB-U51,0,0,0,0,0,0,1,0,0,0,0,1,0,1,2015,south
DB-U50,0,0,0,0,0,0,0,1,1,0,0,1,0,1,2015,south
DB-U48,0,0,0,0,0,0,1,0,0,0,0,1,0,1,2015,south
DB-U47,0,0,0,0,1,0,0,1,1,0,0,1,0,1,2015,south
DB-U33,0,0,0,0,0,0,0,0,1,0,0,1,0,1,2015,south
DB-U30,0,0,0,0,0,0,0,1,0,0,0,1,0,1,2015,south
DB-U29,0,0,0,0,1,1,1,0,0,0,0,1,0,1,2015,south
DB-U28,0,0,0,0,0,0,0,1,1,0,0,1,0,1,2015,south
DB-U25,0,0,0,0,0,0,1,0,0,0,0,1,0,1,2015,south
DB-U23,0,0,0,0,0,0,1,0,0,0,0,1,0,1,2015,south
DB-U22,0,0,0,0,0,0,0,1,0,0,0,1,0,1,2015,south
DB-U19,0,0,0,0,0,0,1,1,1,0,0,1,0,1,2015,south
DB-U18,0,0,0,0,0,0,0,1,1,1,0,1,0,1,2015,south
DB-U15,0,0,0,0,0,1,1,1,0,0,0,1,0,1,2015,south
DB-U14,0,0,0,0,0,0,0,1,0,0,0,1,0,1,2015,south
DB-U13,0,0,0,0,0,1,0,0,0,0,0,1,0,1,2015,south
DB-U12,0,0,0,0,1,0,1,1,1,0,0,1,0,1,2015,south
DB-U11,0,0,0,0,1,0,0,0,0,0,0,1,0,1,2015,south
DB-U10,0,0,0,0,0,0,0,0,0,1,0,1,0,1,2015,south
DB-U09,0,0,0,0,0,0,0,1,0,1,0,1,0,1,2015,south
DB-U07,0,0,0,0,1,0,1,0,0,1,0,1,0,1,2015,south
DB-U06,0,0,0,0,0,0,0,1,0,0,0,1,0,1,2015,south
DB-U05,0,0,0,0,1,0,0,0,0,0,0,1,0,1,2015,south
DB-U04,0,0,0,0,0,0,1,1,0,0,0,1,0,1,2015,south
DB-U03,0,0,0,0,1,0,1,0,0,0,0,1,0,1,2015,south
DB-U00,0,0,0,0,0,0,0,1,0,0,0,1,0,1,2015,south
DB-T97,0,0,0,0,0,1,0,0,0,0,0,1,0,1,2015,south
DB-T93,0,0,0,0,0,0,0,1,1,0,0,1,0,1,2015,south
DB-T92,0,0,0,0,0,0,0,1,0,0,0,1,0,1,2015,south
DB-T90,0,0,0,0,0,0,1,1,0,0,0,1,0,1,2015,south
DB-T87,0,0,0,0,1,1,0,0,0,0,0,1,0,1,2015,south
DB-T83,0,0,0,0,1,1,1,1,0,0,0,1,0,1,2015,south
DB-T81,0,0,0,0,1,0,1,1,0,1,0,1,0,1,2015,south
DB-T80,0,0,0,0,0,0,1,1,0,0,0,1,0,1,2015,south
DB-T77,0,0,0,0,1,0,0,0,0,0,0,1,0,1,2015,south
DB-T76,0,0,0,1,0,0,0,1,1,0,0,1,0,1,2015,south
DB-T74,0,0,1,0,0,1,1,1,1,0,0,1,0,1,2015,south
DB-T70,0,0,0,0,1,1,1,0,0,0,0,1,0,1,2015,south
DB-T67,0,0,0,1,0,1,0,1,0,0,0,1,0,1,2015,south
DB-T66,0,0,0,0,1,1,0,0,0,0,0,1,0,1,2015,south
DB-T65,0,0,0,1,0,0,0,0,0,0,0,1,0,1,2015,south
DB-T62,0,0,0,1,1,1,0,1,0,0,0,1,0,1,2015,south
DB-T61,0,0,0,0,0,0,1,1,0,1,0,1,0,1,2015,south
DB-T60,0,0,1,0,0,1,1,0,1,1,0,1,0,1,2015,south
DB-T59,0,0,0,0,0,1,0,1,1,0,0,1,0,1,2015,south
DB-T58,0,0,0,1,0,0,0,0,0,0,0,1,0,1,2015,south
DB-T57,0,0,0,0,0,0,0,1,1,0,0,1,0,1,2015,south
DB-T52,0,0,0,0,0,0,1,0,0,0,0,1,0,1,2015,south
DB-T51,0,0,0,1,0,0,1,0,1,0,0,1,0,1,2015,south
DB-T47,0,0,0,0,0,0,1,1,0,0,0,1,0,1,2015,south
DB-T46,0,0,0,0,0,0,1,1,0,0,0,1,0,1,2015,south
DB-T45,0,0,0,0,0,0,0,1,0,0,0,1,0,1,2015,south
DB-T44,0,0,1,0,1,0,1,1,1,0,0,1,0,1,2015,south
DB-T42,0,0,0,0,0,0,0,1,1,0,0,1,0,1,2015,south
DB-T41,0,0,0,0,1,1,0,1,0,0,0,1,0,1,2015,south
DB-T39,0,0,0,0,0,0,0,0,0,1,0,1,0,1,2015,south
DB-T38,0,0,0,0,1,1,0,1,1,1,0,1,0,1,2015,south
DB-T36,0,0,0,0,0,1,0,0,1,0,0,1,0,1,2015,south
DB-T32,0,0,0,0,0,0,1,1,1,0,0,1,0,1,2015,south
DB-T31,0,0,0,0,0,0,0,0,0,1,0,1,0,1,2015,south
DB-T27,0,0,0,0,1,0,0,1,0,0,0,1,0,1,2015,south
DB-T25,0,0,0,0,0,0,0,1,0,1,0,1,0,1,2015,south
DB-T24,0,0,0,0,0,0,0,1,0,0,0,1,0,1,2015,south
DB-T23,0,0,0,0,1,0,0,1,0,0,0,1,0,1,2015,south
DB-T22,0,0,0,0,0,1,0,1,0,0,0,1,0,1,2015,south
DB-T21,0,0,0,0,0,0,0,1,0,0,0,1,0,1,2015,south
DB-T16,0,0,0,0,1,0,0,0,0,0,0,1,0,1,2015,south
DB-T14,0,0,0,0,0,1,0,0,0,0,0,1,0,1,2015,south
DB-T13,0,0,0,0,1,1,1,1,1,1,0,1,0,1,2015,south
DB-T10,0,0,0,1,1,1,0,1,1,0,0,1,0,1,2015,south
DB-T08,0,0,0,0,1,0,0,0,0,0,0,1,0,1,2015,south
DB-T07,0,0,0,1,0,0,0,0,0,0,0,1,0,1,2015,south
DB-T06,0,0,0,0,1,0,1,1,0,1,0,1,0,1,2015,south
DB-T04,0,0,0,0,1,0,0,0,0,0,0,1,0,1,2015,south
DB-T03,0,0,0,0,0,0,0,0,1,0,0,1,0,1,2015,south
DB-T02,0,0,0,1,0,0,1,0,0,0,0,1,0,1,2015,south
DB-T01,0,0,0,1,0,1,1,1,0,0,0,1,0,1,2015,south
DB-T00,0,0,0,1,0,0,0,1,0,1,0,1,0,1,2015,south
DB-S94,0,0,0,0,0,0,0,1,1,0,0,1,0,1,2015,south
DB-S93,0,0,0,0,0,0,0,1,1,0,0,1,0,1,2015,south
DB-S92,0,0,0,0,0,1,0,0,1,0,0,1,0,1,2015,south
DB-S91,0,0,0,0,0,0,0,1,0,1,0,1,0,1,2015,south
DB-S90,0,0,0,0,0,0,1,0,0,0,0,1,0,1,2015,south
DB-S89,0,0,0,0,1,1,1,0,1,0,0,1,0,1,2015,south
DB-S88,0,0,0,0,0,0,0,1,0,0,0,1,0,1,2015,south
DB-S84,0,0,0,1,0,1,1,1,1,0,0,1,0,1,2015,south
DB-S83,0,0,0,0,0,0,1,0,0,0,0,1,0,1,2015,south
DB-S82,0,0,0,0,0,0,0,1,1,0,0,1,0,1,2015,south
DB-S81,0,0,0,0,0,0,0,0,1,0,0,1,0,1,2015,south
DB-S80,0,0,0,0,0,0,1,0,0,0,0,1,0,1,2015,south
DB-S79,0,0,0,0,0,0,1,0,0,0,0,1,0,1,2015,south
DB-S77,0,0,0,0,1,0,0,0,0,0,0,1,0,1,2015,south
DB-S75,0,0,0,0,0,1,0,0,0,0,0,1,0,1,2015,south
DB-S74,0,0,0,0,0,1,1,1,1,0,0,1,0,1,2015,south
DB-S73,0,0,0,0,0,0,1,1,0,0,0,1,0,1,2015,south
DB-S71,0,0,0,0,0,0,0,1,0,0,0,1,0,1,2015,south
DB-S68,0,0,0,0,1,1,1,1,1,0,0,1,0,1,2015,south
DB-S65,0,0,0,0,1,0,0,0,0,0,0,1,0,1,2015,south
DB-S64,0,0,0,1,0,0,1,1,0,0,0,1,0,1,2015,south
DB-S63,0,0,0,0,0,0,1,0,0,0,0,1,0,1,2015,south
DB-S62,0,0,0,0,1,1,1,1,1,1,0,1,0,1,2015,south
DB-S61,0,0,0,1,0,0,0,1,1,0,0,1,0,1,2015,south
DB-S60,0,0,0,0,1,0,0,0,0,0,0,1,0,1,2015,south
DB-S57,0,0,0,0,0,0,0,1,0,1,0,1,0,1,2015,south
DB-S55,0,0,0,1,0,1,0,1,0,1,0,1,0,1,2015,south
DB-S54,0,0,0,0,0,1,1,1,0,0,0,1,0,1,2015,south
DB-S53,0,0,0,0,0,0,1,1,1,0,0,1,0,1,2015,south
DB-S52,0,0,0,0,1,1,1,1,1,1,0,1,0,1,2015,south
DB-S50,0,0,0,0,0,0,1,0,0,0,0,1,0,1,2015,south
DB-S49,0,0,0,0,1,1,1,0,0,0,0,1,0,1,2015,south
DB-S48,0,0,0,0,0,0,1,0,0,0,0,1,0,1,2015,south
DB-S46,0,0,0,0,1,0,0,0,0,0,0,1,0,1,2015,south
DB-S45,0,0,0,0,1,1,0,0,0,0,0,1,0,1,2015,south
DB-S44,0,0,0,0,0,1,0,0,0,0,0,1,0,1,2015,south
DB-S43,0,0,0,0,0,0,1,0,0,1,0,1,0,1,2015,south
DB-S42,0,0,0,0,1,0,0,0,0,0,0,1,0,1,2015,south
DB-S41,0,0,0,0,0,0,1,0,0,0,0,1,0,1,2015,south
DB-S36,0,0,0,1,1,1,0,0,0,0,0,1,0,1,2015,south
DB-S33,0,0,0,0,0,0,1,0,0,0,0,1,0,1,2015,south
DB-S32,0,0,0,0,0,1,1,1,1,0,0,1,0,1,2015,south
DB-S31,0,0,0,0,0,0,0,1,1,0,0,1,0,1,2015,south
DB-S26,0,0,0,0,0,0,0,1,0,0,0,1,0,1,2015,south
DB-S22,0,0,0,0,1,1,0,0,0,0,0,1,0,1,2015,south
DB-S21,0,0,0,0,0,0,0,1,1,0,0,1,0,1,2015,south
DB-S20,0,0,0,0,0,0,1,1,1,0,0,1,0,1,2015,south
DB-S18,0,0,0,0,1,0,0,0,0,0,0,1,0,1,2015,south
DB-S17,0,0,0,0,0,0,0,1,1,1,0,1,0,1,2015,south
DB-S16,0,0,0,0,0,1,1,1,0,0,0,1,0,1,2015,south
DB-S13,0,0,0,0,0,0,0,1,0,0,0,1,0,1,2015,south
DB-S12,0,0,0,0,1,0,1,1,0,0,0,1,0,1,2015,south
DB-S10,0,0,0,0,1,1,1,1,0,0,0,1,0,1,2015,south
DB-S09,0,0,0,0,1,0,1,0,0,0,0,1,0,1,2015,south
DB-S08,0,0,0,0,1,0,1,0,1,0,0,1,0,1,2015,south
DB-S06,0,0,0,0,0,1,0,0,0,0,0,1,0,1,2015,south
DB-S05,0,0,0,0,1,1,0,1,0,0,0,1,0,1,2015,south
DB-S03,0,0,0,0,0,0,0,1,1,0,0,1,0,1,2015,south
DB-S00,0,0,0,0,0,0,0,1,0,0,0,1,0,1,2015,south
DB-R99,0,0,0,0,0,0,0,1,0,0,0,1,0,1,2015,south
DB-R98,0,0,0,0,1,1,0,1,0,0,0,1,0,1,2015,south
DB-R97,0,0,0,0,0,0,0,0,1,0,0,1,0,1,2015,south
DB-R96,0,0,0,0,1,0,1,0,1,1,0,1,0,1,2015,south
DB-R95,0,0,0,0,0,0,0,1,1,0,0,1,0,1,2015,south
DB-R93,0,0,0,0,0,0,1,0,0,0,0,1,0,1,2015,south
DB-R89,0,0,0,0,1,0,0,0,0,0,0,1,0,1,2015,south
DB-R88,0,0,0,0,0,0,1,1,1,0,0,1,0,1,2015,south
DB-R87,0,0,1,0,1,0,0,1,1,1,0,1,0,1,2015,south
DB-R86,0,0,0,0,0,1,1,1,0,0,0,1,0,1,2015,south
DB-R85,0,0,0,0,1,1,0,0,0,0,0,1,0,1,2015,south
DB-R84,0,0,0,0,0,1,0,1,0,1,0,1,0,1,2015,south
DB-R81,0,0,0,0,0,0,1,0,0,0,0,1,0,1,2015,south
DB-R80,0,0,0,0,0,1,1,1,0,0,0,1,0,1,2015,south
DB-R79,0,0,0,0,1,1,1,0,0,1,0,1,0,1,2015,south
DB-R78,0,0,1,0,1,1,1,0,0,0,0,1,0,1,2015,south
DB-R77,0,0,1,1,0,0,1,0,0,0,0,1,0,1,2015,south
DB-R74,0,0,0,0,0,1,1,1,0,1,0,1,0,1,2015,south
DB-R72,0,0,1,1,0,0,1,1,0,1,0,1,0,1,2015,south
DB-R71,0,0,1,0,0,0,0,0,0,0,0,1,0,1,2015,south
DB-R70,0,0,0,0,0,0,0,0,0,1,0,1,0,1,2015,south
DB-R69,0,0,0,1,0,0,0,0,0,0,0,1,0,1,2015,south
DB-R67,0,0,0,0,1,1,0,1,0,0,0,1,0,1,2015,south
DB-R65,0,0,1,0,0,0,1,0,1,0,0,1,0,1,2015,south
DB-R64,0,0,0,0,0,1,0,0,0,0,0,1,0,1,2015,south
DB-R63,0,0,1,0,0,0,1,1,0,0,0,1,0,1,2015,south
DB-R61,0,0,1,0,0,1,1,1,1,1,0,1,0,1,2015,south
DB-R60,0,0,0,0,0,0,0,0,1,0,0,1,0,1,2015,south
DB-R59,0,0,0,0,0,0,1,1,1,1,0,1,0,1,2015,south
DB-R58,0,0,0,0,0,1,0,0,0,0,0,1,0,1,2015,south
DB-R57,0,0,0,0,0,0,1,0,0,0,0,1,0,1,2015,south
DB-R56,0,0,0,0,0,0,1,0,1,0,0,1,0,1,2015,south
DB-R55,0,0,0,0,1,1,0,0,1,0,0,1,0,1,2015,south
DB-R53,0,0,0,0,1,0,0,0,1,0,0,1,0,1,2015,south
DB-R52,0,0,0,0,1,1,1,1,1,1,0,1,0,1,2015,south
DB-R51,0,0,0,1,0,0,0,0,0,0,0,1,0,1,2015,south
DB-R50,0,0,0,0,0,0,0,1,0,0,0,1,0,1,2015,south
DB-R47,0,0,0,1,0,0,0,0,0,0,0,1,0,1,2015,south
DB-R46,0,0,0,0,0,0,1,0,1,1,0,1,0,1,2015,south
DB-R45,0,0,0,1,0,1,0,0,0,0,0,1,0,1,2015,south
DB-R44,0,0,0,0,1,0,0,0,0,0,0,1,0,1,2015,south
DB-R42,0,0,0,0,1,1,0,1,0,0,0,1,0,1,2015,south
DB-R41,0,0,0,0,0,0,1,0,0,0,0,1,0,1,2015,south
DB-R38,0,0,0,0,1,0,0,0,0,0,0,1,0,1,2015,south
DB-R37,0,0,0,0,1,1,0,1,0,0,0,1,0,1,2015,south
DB-R35,0,0,0,1,0,0,0,1,0,0,0,1,0,1,2015,south
DB-R34,0,0,0,0,1,0,0,0,0,0,0,1,0,1,2015,south
DB-R33,0,0,0,0,0,0,1,1,0,0,0,1,0,1,2015,south
DB-R32,0,0,0,0,1,0,0,0,0,0,0,1,0,1,2015,south
DB-R31,0,0,0,0,0,0,0,1,0,0,0,1,0,1,2015,south
DB-R30,0,0,0,0,1,0,0,1,0,0,0,1,0,1,2015,south
DB-R29,0,0,1,1,0,1,1,1,1,0,0,1,0,1,2015,south
DB-R26,0,0,1,0,0,1,0,0,0,1,0,1,0,1,2015,south
DB-R22,0,0,0,0,0,0,1,1,0,0,0,1,0,1,2015,south
DB-R20,0,0,0,1,0,1,0,1,0,0,0,1,0,1,2015,south
DB-R18,0,0,0,0,0,0,1,0,0,0,0,1,0,1,2015,south
DB-R17,0,0,0,1,1,0,0,0,1,0,0,1,0,1,2015,south
DB-R16,0,0,0,0,0,0,1,0,0,0,0,1,0,1,2015,south
DB-R15,0,0,0,1,0,0,1,1,0,0,0,1,0,1,2015,south
DB-R13,0,0,1,1,1,0,0,0,0,0,0,1,0,1,2015,south
DB-R12,0,0,0,1,0,0,0,0,0,0,0,1,0,1,2015,south
DB-R11,0,0,0,0,0,0,1,1,1,1,0,1,0,1,2015,south
DB-R09,0,0,0,0,1,1,0,1,0,0,0,1,0,1,2015,south
DB-R08,0,0,0,1,1,0,0,1,1,1,0,1,0,1,2015,south
DB-R07,0,0,0,0,0,0,0,0,1,0,0,1,0,1,2015,south
DB-R06,0,0,0,0,1,0,1,1,1,0,0,1,0,1,2015,south
DB-R04,0,0,0,0,1,0,1,1,1,0,0,1,0,1,2015,south
DB-R03,0,0,0,0,0,1,0,0,0,0,0,1,0,1,2015,south
DB-R02,0,1,1,1,1,1,1,0,0,0,0,1,0,1,2015,south
DB-R01,0,0,0,0,0,0,0,1,0,0,0,1,0,1,2015,south
DB-R00,0,0,0,0,0,0,0,0,1,0,0,1,0,1,2015,south
DB-P98,0,0,0,0,1,0,1,0,0,0,0,1,0,1,2015,south
DB-P97,0,0,0,0,0,0,1,1,1,0,0,1,0,1,2015,south
DB-P95,0,0,0,0,1,1,1,1,0,0,0,1,0,1,2015,south
DB-P94,0,0,0,0,1,1,0,0,0,0,0,1,0,1,2015,south
DB-P93,0,0,1,1,0,1,0,0,0,0,0,1,0,1,2015,south
DB-P92,0,0,1,0,0,0,1,1,0,0,0,1,0,1,2015,south
DB-P91,0,0,0,0,0,1,0,0,0,0,0,1,0,1,2015,south
DB-P89,0,0,0,1,0,0,0,0,0,0,0,1,0,1,2015,south
DB-P84,0,0,0,1,1,0,0,1,0,0,0,1,0,1,2015,south
DB-P83,0,0,0,1,1,0,1,0,0,1,0,1,0,1,2015,south
DB-P81,0,0,0,0,0,1,1,1,1,0,0,1,0,1,2015,south
DB-P80,0,0,0,0,1,0,1,0,0,0,0,1,0,1,2015,south
DB-P77,0,0,1,1,1,0,1,1,0,0,0,1,0,1,2015,south
DB-P76,0,0,0,0,0,0,0,1,1,0,0,1,0,1,2015,south
DB-P73,0,0,0,0,0,0,0,0,1,0,0,1,0,1,2015,south
DB-P72,0,0,1,0,0,0,0,0,0,0,0,1,0,1,2015,south
DB-P71,0,0,0,1,1,0,0,1,1,0,0,1,0,1,2015,south
DB-P69,0,0,0,1,1,0,0,0,0,0,0,1,0,1,2015,south
DB-P68,0,0,0,0,0,0,0,0,1,0,0,1,0,1,2015,south
DB-P67,0,0,0,0,0,0,1,1,0,0,0,1,0,1,2015,south
DB-P66,0,0,0,0,0,0,0,0,0,1,0,1,0,1,2015,south
DB-P61,0,0,0,0,0,0,0,0,1,1,0,1,0,1,2015,south
DB-P60,0,0,0,0,0,0,0,1,0,0,0,1,0,1,2015,south
DB-P57,0,0,0,0,1,0,0,0,0,0,0,1,0,1,2015,south
DB-P56,0,0,0,0,1,1,1,0,1,1,0,1,0,1,2015,south
DB-P54,0,0,0,0,0,0,0,1,0,0,0,1,0,1,2015,south
DB-P53,0,1,1,0,1,0,0,1,0,0,0,1,0,1,2015,south
DB-P51,0,0,0,0,1,1,0,0,1,0,0,1,0,1,2015,south
DB-P50,0,0,0,0,0,0,1,1,0,1,0,1,0,1,2015,south
DB-P49,0,0,0,0,1,1,1,0,0,0,0,1,0,1,2015,south
DB-P48,0,0,0,0,0,1,0,0,0,0,0,1,0,1,2015,south
DB-P46,0,0,0,0,1,0,0,1,0,0,0,1,0,1,2015,south
DB-P44,0,0,1,0,1,1,1,1,0,0,0,1,0,1,2015,south
DB-P41,0,0,0,0,1,1,1,1,1,0,0,1,0,1,2015,south
DB-P40,0,0,0,0,0,0,0,1,0,0,0,1,0,1,2015,south
DB-P38,0,0,0,0,1,0,0,1,0,0,0,1,0,1,2015,south
DB-P37,0,0,1,1,0,1,0,0,0,0,0,1,0,1,2015,south
DB-P35,0,0,0,0,0,1,0,1,0,0,0,1,0,1,2015,south
DB-P28,0,0,0,0,1,1,1,1,0,0,0,1,0,1,2015,south
DB-P27,0,0,0,0,0,0,1,1,0,0,0,1,0,1,2015,south
DB-P25,0,0,0,1,1,1,1,1,1,0,0,1,0,1,2015,south
DB-P23,0,0,0,0,0,0,0,1,1,0,0,1,0,1,2015,south
DB-P22,0,0,0,0,1,0,0,1,0,0,0,1,0,1,2015,south
DB-P21,0,0,0,0,1,0,1,1,1,0,0,1,0,1,2015,south
DB-P19,0,0,0,1,0,0,0,0,0,0,0,1,0,1,2015,south
DB-P17,0,0,0,0,0,1,0,1,1,1,0,1,0,1,2015,south
DB-P16,0,0,0,0,0,1,0,0,0,0,0,1,0,1,2015,south
DB-P15,0,0,0,0,0,0,1,1,1,0,0,1,0,1,2015,south
DB-P14,0,0,0,0,1,1,0,0,1,0,0,1,0,1,2015,south
DB-P13,0,0,0,1,1,1,0,0,0,0,0,1,0,1,2015,south
DB-P12,0,0,0,1,1,1,0,1,1,1,0,1,0,1,2015,south
DB-P11,0,0,0,1,1,1,0,0,0,0,0,1,0,1,2015,south
DB-P09,0,0,1,0,1,1,1,1,1,0,0,1,0,1,2015,south
DB-P06,0,0,0,0,0,1,1,1,1,0,0,1,0,1,2015,south
DB-P05,0,0,0,0,0,0,1,1,0,0,0,1,0,1,2015,south
DB-P04,0,0,0,0,1,1,1,1,0,0,0,1,0,1,2015,south
DB-P03,0,0,0,0,1,0,0,0,1,0,0,1,0,1,2015,south
DB-P00,0,0,0,1,0,0,0,0,0,0,0,1,0,1,2015,south
DB-L98,0,0,0,0,0,0,1,0,0,1,0,1,0,1,2015,south
DB-L96,0,0,1,1,0,0,0,0,0,0,0,1,0,1,2015,south
DB-L94,0,0,0,1,0,1,1,1,1,0,0,1,0,1,2015,south
DB-L93,0,0,1,0,0,1,0,0,0,0,0,1,0,1,2015,south
DB-L91,0,0,0,0,0,1,1,0,0,0,0,1,0,1,2015,south
DB-L88,0,1,1,1,0,1,1,1,1,0,0,1,0,1,2015,south
DB-L87,0,0,1,0,1,0,0,1,1,0,0,1,0,1,2015,south
DB-L85,0,0,0,0,0,0,0,1,0,0,0,1,0,1,2015,south
DB-L82,0,0,1,0,0,0,0,0,0,0,0,1,0,1,2015,south
DB-L81,0,0,0,0,1,0,0,1,1,1,0,1,0,1,2015,south
DB-L80,0,0,0,0,0,1,1,1,0,0,0,1,0,1,2015,south
DB-L78,0,0,0,0,1,0,0,0,0,0,0,1,0,1,2015,south
DB-L77,0,0,0,0,0,0,0,0,1,0,0,1,0,1,2015,south
DB-L76,0,1,0,0,1,1,1,1,1,1,0,1,0,1,2015,south
DB-L75,0,0,0,1,0,1,0,0,0,0,0,1,0,1,2015,south
DB-L74,0,0,0,0,0,0,0,0,1,0,0,1,0,1,2015,south
DB-L73,0,0,0,0,0,0,0,1,1,1,0,1,0,1,2015,south
DB-L72,0,0,0,1,0,0,1,1,1,0,0,1,0,1,2015,south
DB-L71,0,0,0,0,1,1,0,0,0,0,0,1,0,1,2015,south
DB-L68,0,0,0,1,0,0,0,0,0,0,0,1,0,1,2015,south
DB-L67,0,0,1,0,1,0,0,0,0,1,0,1,0,1,2015,south
DB-L65,0,0,0,0,0,0,0,1,0,0,0,1,0,1,2015,south
DB-L61,0,0,0,0,0,1,0,1,1,0,0,1,0,1,2015,south
DB-L59,0,0,0,0,0,0,0,1,0,0,0,1,0,1,2015,south
DB-L58,0,0,0,0,1,0,0,0,0,1,0,1,0,1,2015,south
DB-L57,0,1,1,1,1,1,0,1,0,1,0,1,0,1,2015,south
DB-L55,0,0,0,0,0,0,0,1,0,0,0,1,0,1,2015,south
DB-L54,0,0,0,0,0,0,1,0,1,0,0,1,0,1,2015,south
DB-L53,0,0,0,0,0,0,1,0,0,0,0,1,0,1,2015,south
DB-L52,0,0,0,0,1,1,0,0,1,0,0,1,0,1,2015,south
DB-L51,0,0,1,1,0,0,1,1,1,1,0,1,0,1,2015,south
DB-L50,0,0,0,0,0,0,1,1,0,0,0,1,0,1,2015,south
DB-L48,0,0,0,1,0,0,1,0,0,0,0,1,0,1,2015,south
DB-L46,0,0,0,0,1,0,0,0,0,1,0,1,0,1,2015,south
DB-L45,0,0,0,0,0,0,1,1,1,0,0,1,0,1,2015,south
DB-L43,0,0,0,1,1,0,0,1,0,1,0,1,0,1,2015,south
DB-L42,0,0,0,0,0,0,1,0,0,0,0,1,0,1,2015,south
DB-L41,0,0,0,0,0,1,1,0,0,0,0,1,0,1,2015,south
DB-L40,0,0,1,0,1,1,0,0,0,0,0,1,0,1,2015,south
DB-L37,0,0,0,0,0,0,1,0,0,0,0,1,0,1,2015,south
DB-L36,0,0,1,0,0,0,0,0,0,0,0,1,0,1,2015,south
DB-L35,0,0,1,1,1,0,0,1,0,0,0,1,0,1,2015,south
DB-L34,0,0,0,1,1,0,1,1,0,0,0,1,0,1,2015,south
DB-L33,0,0,0,0,0,0,1,1,0,1,0,1,0,1,2015,south
DB-L32,0,0,0,0,0,0,0,1,0,0,0,1,0,1,2015,south
DB-L31,0,0,0,0,1,0,0,1,1,0,0,1,0,1,2015,south
DB-L30,0,0,0,1,0,0,0,0,0,0,0,1,0,1,2015,south
DB-L29,0,1,1,1,0,0,1,0,0,1,0,1,0,1,2015,south
DB-L28,0,0,0,0,0,0,1,1,0,0,0,1,0,1,2015,south
DB-L27,0,0,1,0,0,0,0,0,0,0,0,1,0,1,2015,south
DB-L26,0,0,0,0,0,1,0,1,1,0,0,1,0,1,2015,south
DB-L24,0,0,1,0,1,1,0,0,0,0,0,1,0,1,2015,south
DB-L23,0,0,0,0,0,0,1,0,0,0,0,1,0,1,2015,south
DB-L21,0,0,1,1,0,0,0,0,0,0,0,1,0,1,2015,south
DB-L20,0,0,0,0,1,0,0,1,1,0,0,1,0,1,2015,south
DB-L19,0,0,0,0,0,0,1,1,0,0,0,1,0,1,2015,south
DB-L18,0,0,0,0,0,0,1,1,0,0,0,1,0,1,2015,south
DB-L17,0,0,0,0,0,0,0,1,0,0,0,1,0,1,2015,south
DB-L16,0,1,1,0,0,0,0,1,0,0,0,1,0,1,2015,south
DB-L15,0,0,0,0,0,0,1,1,0,0,0,1,0,1,2015,south
DB-L14,0,0,0,1,0,0,0,1,0,0,0,1,0,1,2015,south
DB-L13,0,0,0,1,1,0,0,0,0,0,0,1,0,1,2015,south
DB-L12,0,0,1,0,0,0,1,0,0,0,0,1,0,1,2015,south
DB-L11,0,1,0,0,0,0,1,0,0,0,0,1,0,1,2015,south
DB-L10,0,0,0,0,0,0,0,1,0,1,0,1,0,1,2015,south
DB-L09,0,0,0,1,1,0,0,0,0,0,0,1,0,1,2015,south
DB-L04,0,0,0,0,0,0,0,1,0,0,0,1,0,1,2015,south
DB-L00,0,0,0,1,1,1,1,0,0,0,0,1,0,1,2015,south
DB-F35,0,0,0,0,0,0,1,1,0,0,0,1,1,0,2015,north
DB-F32,0,0,0,1,0,1,1,0,1,0,0,1,1,0,2015,north
DB-F31,0,0,0,0,1,0,0,0,0,0,0,1,1,0,2015,north
DB-F30,0,0,0,0,0,0,1,0,0,0,0,1,1,0,2015,north
DB-F29,0,0,1,0,1,0,1,0,0,1,0,1,1,0,2015,north
DB-F28,0,1,0,0,1,1,1,1,0,0,0,1,1,0,2015,north
DB-F27,0,0,1,1,1,0,0,0,0,0,0,1,1,0,2015,north
DB-F26,0,1,0,1,0,0,1,1,0,0,0,1,1,0,2015,north
DB-F25,0,0,1,1,0,0,1,0,0,0,0,1,1,0,2015,north
DB-F24,0,0,0,0,1,0,1,0,0,0,0,1,1,0,2015,north
DB-F23,0,0,0,1,1,1,1,0,0,0,0,1,1,0,2015,north
DB-F22,0,1,0,1,0,0,1,1,0,0,0,1,1,0,2015,north
DB-F21,0,1,0,0,0,1,1,0,0,0,0,1,1,0,2015,north
DB-F20,0,1,1,1,1,0,0,0,0,0,0,1,1,0,2015,north
DB-F17,0,1,0,0,0,0,0,0,0,0,0,1,1,0,2015,north
YL-S96,0,0,0,1,0,0,0,0,0,0,1,0,0,1,2014,south
YL-S94,0,0,0,0,0,0,1,0,0,0,1,0,0,1,2014,south
YL-S76,0,0,0,0,0,0,1,0,0,0,1,0,0,1,2014,south
YL-S69,0,0,0,0,0,0,1,0,1,0,1,0,0,1,2014,south
YL-S68,0,0,0,0,1,0,0,1,1,0,1,0,0,1,2014,south
YL-S67,0,0,0,1,0,0,0,1,0,0,1,0,0,1,2014,south
YL-S66,0,0,0,0,1,0,0,0,0,0,1,0,0,1,2014,south
YL-S63,0,0,0,0,1,1,1,0,0,0,1,0,0,1,2014,south
YL-S62,0,0,0,0,1,0,0,0,0,0,1,0,0,1,2014,south
YL-S61,0,0,0,0,1,1,1,0,0,0,1,0,0,1,2014,south
YL-S58,0,0,0,0,0,1,1,0,1,0,1,0,0,1,2014,south
YL-S57,0,0,0,0,0,0,1,0,0,0,1,0,0,1,2014,south
YL-S56,0,0,0,1,1,1,1,1,0,0,1,0,0,1,2014,south
YL-S54,0,0,0,0,0,1,0,0,0,0,1,0,0,1,2014,south
YL-S53,0,0,0,0,0,1,0,0,0,0,1,0,0,1,2014,south
YL-S51,0,0,0,1,1,0,0,1,0,0,1,0,0,1,2014,south
YL-S50,0,0,0,0,0,1,1,0,0,0,1,0,0,1,2014,south
YL-S47,0,0,0,0,0,0,1,1,0,0,1,0,0,1,2014,south
YL-S45,0,0,0,0,0,0,1,0,0,0,1,0,0,1,2014,south
YL-S44,0,0,0,0,1,0,0,0,0,0,1,0,0,1,2014,south
YL-S43,0,0,0,1,1,0,0,0,0,0,1,0,0,1,2014,south
YL-S42,0,0,0,1,1,0,0,0,0,0,1,0,0,1,2014,south
YL-S41,0,0,0,0,0,0,1,0,0,0,1,0,0,1,2014,south
YL-S40,0,0,0,0,1,0,0,0,0,0,1,0,0,1,2014,south
YL-S39,0,0,0,0,0,1,0,0,1,0,1,0,0,1,2014,south
YL-S38,0,0,0,0,1,0,0,0,1,0,1,0,0,1,2014,south
YL-S37,0,0,0,0,0,1,1,1,0,1,1,0,0,1,2014,south
YL-S36,0,0,1,1,1,1,1,0,0,0,1,0,0,1,2014,south
YL-S34,0,0,0,0,0,0,1,1,0,0,1,0,0,1,2014,south
YL-S33,0,0,0,0,0,0,1,0,0,0,1,0,0,1,2014,south
YL-S32,0,0,0,0,0,1,0,0,0,0,1,0,0,1,2014,south
YL-S31,0,0,0,0,0,1,1,0,0,0,1,0,0,1,2014,south
YL-S30,0,0,0,0,0,1,0,1,0,0,1,0,0,1,2014,south
YL-S27,0,0,0,0,0,0,0,0,1,0,1,0,0,1,2014,south
YL-S25,0,0,0,0,0,0,1,0,0,0,1,0,0,1,2014,south
YL-S23,0,0,0,1,1,1,0,0,0,0,1,0,0,1,2014,south
YL-S22,0,0,0,0,0,0,0,1,0,0,1,0,0,1,2014,south
YL-S21,0,0,0,0,0,0,0,0,1,0,1,0,0,1,2014,south
YL-S20,0,0,0,0,0,0,1,0,0,0,1,0,0,1,2014,south
YL-S18,0,0,0,0,1,0,0,1,0,0,1,0,0,1,2014,south
YL-S17,0,0,0,0,0,0,0,1,1,0,1,0,0,1,2014,south
YL-S15,0,0,0,0,1,1,1,1,0,0,1,0,0,1,2014,south
YL-S12,0,0,0,0,0,1,1,0,1,1,1,0,0,1,2014,south
YL-S09,0,0,0,0,0,1,1,0,1,0,1,0,0,1,2014,south
YL-S07,0,0,0,0,0,1,0,1,0,0,1,0,0,1,2014,south
YL-S05,0,1,0,0,0,0,0,1,1,1,1,0,0,1,2014,south
YL-S03,0,0,0,0,0,0,0,0,1,0,1,0,0,1,2014,south
YL-S02,0,0,0,0,0,0,0,1,0,0,1,0,0,1,2014,south
YL-S01,0,0,0,0,0,0,1,1,0,0,1,0,0,1,2014,south
YL-R99,0,0,0,0,0,1,1,0,0,0,1,0,0,1,2014,south
YL-R98,0,0,1,0,1,0,0,0,0,0,1,0,0,1,2014,south
YL-R96,0,0,0,0,1,1,1,1,1,0,1,0,0,1,2014,south
YL-R91,0,0,0,0,1,1,1,0,0,0,1,0,0,1,2014,south
YL-R88,0,0,0,0,1,1,1,1,1,0,1,0,0,1,2014,south
YL-R86,0,0,0,0,0,1,1,1,0,0,1,0,0,1,2014,south
YL-R85,0,0,0,0,0,0,0,1,0,0,1,0,0,1,2014,south
YL-R84,0,0,0,0,1,0,0,0,0,0,1,0,0,1,2014,south
YL-R83,0,0,0,0,1,0,0,0,0,0,1,0,0,1,2014,south
YL-R81,0,0,0,0,0,1,0,0,0,0,1,0,0,1,2014,south
YL-R80,0,0,0,1,0,0,0,0,0,0,1,0,0,1,2014,south
YL-R79,0,0,1,0,0,0,1,0,0,0,1,0,0,1,2014,south
YL-R77,0,0,0,0,1,0,0,0,0,0,1,0,0,1,2014,south
YL-R75,0,0,0,1,0,0,0,1,0,0,1,0,0,1,2014,south
YL-R74,0,0,0,0,0,1,1,0,0,0,1,0,0,1,2014,south
YL-R73,0,0,0,0,0,0,0,0,0,1,1,0,0,1,2014,south
YL-R72,0,0,0,0,0,0,0,1,0,0,1,0,0,1,2014,south
YL-R71,0,0,0,0,1,0,1,1,0,0,1,0,0,1,2014,south
YL-R69,0,0,0,0,0,0,1,1,0,1,1,0,0,1,2014,south
YL-R68,0,0,0,0,0,0,1,0,0,0,1,0,0,1,2014,south
YL-R67,0,0,0,1,1,1,0,0,1,0,1,0,0,1,2014,south
YL-R65,0,0,0,0,1,0,0,0,0,0,1,0,0,1,2014,south
YL-R64,0,0,0,0,0,0,1,0,1,0,1,0,0,1,2014,south
YL-R61,0,0,0,1,0,0,0,0,0,0,1,0,0,1,2014,south
YL-R59,0,0,0,0,0,0,1,0,0,0,1,0,0,1,2014,south
YL-R58,0,0,0,1,1,0,0,0,0,0,1,0,0,1,2014,south
YL-R57,0,0,0,0,0,1,1,0,1,0,1,0,0,1,2014,south
YL-R56,0,0,0,0,1,1,1,0,0,0,1,0,0,1,2014,south
YL-R55,0,0,0,0,0,0,0,0,1,0,1,0,0,1,2014,south
YL-R53,0,0,0,0,0,0,0,0,1,0,1,0,0,1,2014,south
YL-R52,0,0,0,0,0,0,1,1,1,0,1,0,0,1,2014,south
YL-R51,0,0,1,1,1,0,1,0,1,0,1,0,0,1,2014,south
YL-R50,0,0,1,0,1,0,1,0,0,0,1,0,0,1,2014,south
YL-R48,0,0,0,1,0,0,0,0,0,0,1,0,0,1,2014,south
YL-R47,0,0,0,1,0,1,0,0,0,0,1,0,0,1,2014,south
YL-R46,0,0,0,0,1,0,1,0,1,0,1,0,0,1,2014,south
YL-R45,0,0,0,0,1,0,0,0,0,0,1,0,0,1,2014,south
YL-R42,0,0,0,0,0,0,0,0,1,1,1,0,0,1,2014,south
YL-R39,0,0,1,0,1,1,1,1,1,1,1,0,0,1,2014,south
YL-R37,0,0,0,0,1,1,1,1,1,0,1,0,0,1,2014,south
YL-R35,0,0,0,1,0,0,0,0,1,0,1,0,0,1,2014,south
YL-R33,0,0,0,0,1,0,0,0,0,0,1,0,0,1,2014,south
YL-R32,0,0,0,1,0,0,1,0,0,0,1,0,0,1,2014,south
YL-R30,0,0,0,0,1,1,0,0,0,0,1,0,0,1,2014,south
YL-R29,0,0,0,0,1,1,1,0,1,1,1,0,0,1,2014,south
YL-R27,0,0,0,0,0,1,0,0,0,0,1,0,0,1,2014,south
YL-R23,0,0,0,0,0,1,0,0,0,0,1,0,0,1,2014,south
YL-R21,0,0,1,0,1,0,1,1,0,0,1,0,0,1,2014,south
YL-R19,0,0,0,1,1,1,0,0,0,0,1,0,0,1,2014,south
YL-R18,0,0,0,0,0,0,0,1,0,0,1,0,0,1,2014,south
YL-R17,0,0,1,1,1,1,0,1,1,0,1,0,0,1,2014,south
YL-R16,0,0,0,0,1,0,0,0,0,0,1,0,0,1,2014,south
YL-R14,0,0,0,0,0,1,0,0,0,0,1,0,0,1,2014,south
YL-R13,0,0,0,1,0,1,1,0,0,0,1,0,0,1,2014,south
YL-R12,0,0,0,1,0,0,0,1,0,0,1,0,0,1,2014,south
YL-R11,0,0,0,0,0,0,1,1,0,0,1,0,0,1,2014,south
YL-R09,0,0,0,0,0,0,1,0,0,0,1,0,0,1,2014,south
YL-R08,0,0,1,1,1,1,1,0,0,0,1,0,0,1,2014,south
YL-R06,0,0,0,1,0,0,0,0,0,1,1,0,0,1,2014,south
YL-R05,0,0,0,1,0,1,0,0,0,0,1,0,0,1,2014,south
YL-R04,0,0,0,0,1,1,1,0,0,0,1,0,0,1,2014,south
YL-R03,0,0,0,0,1,0,1,1,0,0,1,0,0,1,2014,south
YL-R02,0,0,0,0,1,0,0,0,0,0,1,0,0,1,2014,south
YL-R01,0,0,0,0,1,0,0,0,0,0,1,0,0,1,2014,south
YL-P96,0,0,0,0,0,0,1,0,0,0,1,0,0,1,2014,south
YL-P90,0,0,0,0,0,0,1,1,0,0,1,0,0,1,2014,south
YL-P88,0,0,0,0,0,0,0,1,1,0,1,0,0,1,2014,south
YL-P87,0,0,0,0,0,0,0,1,1,0,1,0,0,1,2014,south
YL-P85,0,0,0,0,0,0,1,0,0,0,1,0,0,1,2014,south
YL-P83,0,0,0,0,0,1,1,1,0,0,1,0,0,1,2014,south
YL-P81,0,0,0,0,1,0,1,1,1,1,1,0,0,1,2014,south
YL-P80,0,0,0,0,1,1,0,0,0,0,1,0,0,1,2014,south
YL-P76,0,0,0,0,0,0,1,0,0,0,1,0,0,1,2014,south
YL-P74,0,0,0,0,0,0,0,1,0,0,1,0,0,1,2014,south
YL-P72,0,0,1,1,0,0,0,0,0,0,1,0,0,1,2014,south
YL-P71,0,0,0,0,0,0,0,1,0,0,1,0,0,1,2014,south
YL-P69,0,0,0,0,0,0,1,1,0,0,1,0,0,1,2014,south
YL-P66,0,0,1,1,0,0,0,1,0,0,1,0,0,1,2014,south
YL-P64,0,0,0,0,1,1,1,0,1,0,1,0,0,1,2014,south
YL-P63,0,0,0,0,1,0,0,0,0,0,1,0,0,1,2014,south
YL-P61,0,0,0,1,0,0,0,0,0,0,1,0,0,1,2014,south
YL-P60,0,0,0,0,0,1,0,0,0,0,1,0,0,1,2014,south
YL-P57,0,1,1,0,1,1,0,1,0,0,1,0,0,1,2014,south
YL-P55,0,0,0,1,1,1,1,0,0,0,1,0,0,1,2014,south
YL-P52,0,0,0,0,0,1,0,0,0,0,1,0,0,1,2014,south
YL-P51,0,0,0,0,0,1,0,0,1,0,1,0,0,1,2014,south
YL-P50,0,0,0,0,1,0,0,1,0,0,1,0,0,1,2014,south
YL-P49,0,0,0,1,1,1,1,1,1,0,1,0,0,1,2014,south
YL-P47,0,0,0,0,0,1,1,0,1,0,1,0,0,1,2014,south
YL-P46,0,0,0,1,1,1,1,0,1,0,1,0,0,1,2014,south
YL-P45,0,0,0,1,0,0,0,0,0,0,1,0,0,1,2014,south
YL-P44,0,0,0,0,1,1,1,1,0,0,1,0,0,1,2014,south
YL-P42,0,0,0,0,1,1,0,1,0,0,1,0,0,1,2014,south
YL-P41,0,0,0,0,1,0,1,0,1,0,1,0,0,1,2014,south
YL-P39,0,0,0,0,0,1,0,0,0,0,1,0,0,1,2014,south
YL-P38,0,0,1,1,1,1,0,1,0,1,1,0,0,1,2014,south
YL-P36,0,0,0,0,0,1,1,0,0,0,1,0,0,1,2014,south
YL-P35,0,0,1,1,1,1,1,0,0,0,1,0,0,1,2014,south
YL-P33,0,0,0,0,1,0,1,0,0,0,1,0,0,1,2014,south
YL-P31,0,0,0,0,0,1,0,0,0,0,1,0,0,1,2014,south
YL-P30,0,0,0,1,1,0,0,0,0,0,1,0,0,1,2014,south
YL-P28,0,0,0,1,0,1,1,0,0,0,1,0,0,1,2014,south
YL-P26,0,0,0,1,1,1,0,0,0,0,1,0,0,1,2014,south
YL-P21,0,0,0,0,0,1,1,0,0,0,1,0,0,1,2014,south
YL-P20,0,0,1,1,1,1,0,1,0,0,1,0,0,1,2014,south
YL-P19,0,0,0,0,0,0,0,1,0,0,1,0,0,1,2014,south
YL-P17,0,0,0,0,1,0,1,1,0,0,1,0,0,1,2014,south
YL-P15,0,0,0,1,1,0,1,0,0,0,1,0,0,1,2014,south
YL-P14,0,0,0,0,1,0,0,0,0,0,1,0,0,1,2014,south
YL-P11,0,0,0,0,1,0,0,1,0,0,1,0,0,1,2014,south
YL-P09,0,0,0,1,0,0,1,0,0,0,1,0,0,1,2014,south
YL-P08,0,0,0,0,1,0,0,0,1,0,1,0,0,1,2014,south
YL-P07,0,0,0,1,1,0,1,0,0,0,1,0,0,1,2014,south
YL-P06,0,0,0,0,0,1,1,0,0,0,1,0,0,1,2014,south
YL-P05,0,0,0,0,1,1,1,0,0,0,1,0,0,1,2014,south
YL-P04,0,0,1,0,1,0,0,0,0,0,1,0,0,1,2014,south
YL-P03,0,1,0,0,0,0,1,1,0,0,1,0,0,1,2014,south
YL-N97,0,0,0,0,0,1,1,1,0,0,1,0,0,1,2014,south
YL-N96,0,0,1,1,1,1,0,0,0,0,1,0,0,1,2014,south
YL-N94,0,0,0,0,1,0,1,1,0,0,1,0,0,1,2014,south
YL-N93,0,0,0,1,0,0,0,0,0,0,1,0,0,1,2014,south
YL-N92,0,0,0,1,0,1,1,1,0,0,1,0,0,1,2014,south
YL-N91,0,0,0,0,0,1,0,0,0,0,1,0,0,1,2014,south
YL-N88,0,0,0,0,0,1,1,1,0,0,1,0,0,1,2014,south
YL-N87,0,0,0,0,0,1,0,1,0,0,1,0,0,1,2014,south
YL-N86,0,0,0,0,1,0,0,0,0,0,1,0,0,1,2014,south
YL-N85,0,0,0,0,0,1,1,1,1,0,1,0,0,1,2014,south
YL-N84,0,0,0,1,1,0,0,0,0,0,1,0,0,1,2014,south
YL-N83,0,0,0,1,0,1,0,0,0,0,1,0,0,1,2014,south
YL-N82,0,0,0,0,0,0,0,1,0,0,1,0,0,1,2014,south
YL-N81,0,0,0,0,1,0,0,0,0,0,1,0,0,1,2014,south
YL-N79,0,0,0,0,1,0,0,0,0,0,1,0,0,1,2014,south
YL-N77,0,0,0,1,0,1,0,0,0,0,1,0,0,1,2014,south
YL-N73,0,0,0,0,1,1,1,0,1,0,1,0,0,1,2014,south
YL-N72,0,0,1,1,1,1,1,1,1,0,1,0,0,1,2014,south
YL-N70,0,0,1,0,0,1,1,0,0,0,1,0,0,1,2014,south
YL-N69,0,0,0,0,0,1,0,1,0,0,1,0,0,1,2014,south
YL-N68,0,0,0,0,1,1,1,0,0,0,1,0,0,1,2014,south
YL-N67,0,0,0,1,1,1,0,0,0,0,1,0,0,1,2014,south
YL-N66,0,0,1,1,1,0,0,0,1,0,1,0,0,1,2014,south
YL-N65,0,0,0,0,0,1,0,0,0,0,1,0,0,1,2014,south
YL-N63,0,0,0,1,1,0,0,0,0,0,1,0,0,1,2014,south
YL-N62,0,0,0,1,0,0,0,0,0,0,1,0,0,1,2014,south
YL-N61,0,0,0,0,0,1,0,0,0,0,1,0,0,1,2014,south
YL-N59,0,0,1,0,1,0,1,1,0,0,1,0,0,1,2014,south
YL-N58,0,0,0,1,0,0,0,0,0,0,1,0,0,1,2014,south
YL-N57,0,0,0,0,1,1,0,0,0,0,1,0,0,1,2014,south
YL-N56,0,0,0,1,1,1,1,0,0,0,1,0,0,1,2014,south
YL-N55,0,0,0,0,1,1,0,0,0,0,1,0,0,1,2014,south
YL-N54,0,0,0,1,0,0,0,1,0,1,1,0,0,1,2014,south
YL-N52,0,0,0,1,0,1,1,0,0,0,1,0,0,1,2014,south
YL-N51,0,0,0,0,0,0,0,0,1,0,1,0,0,1,2014,south
YL-N50,0,0,1,0,0,0,0,0,0,0,1,0,0,1,2014,south
YL-N49,0,0,0,0,0,1,0,0,0,0,1,0,0,1,2014,south
YL-N48,0,0,0,0,0,1,0,0,0,0,1,0,0,1,2014,south
YL-N47,0,0,0,0,0,1,1,0,0,0,1,0,0,1,2014,south
YL-N43,0,0,0,1,0,1,1,0,0,0,1,0,0,1,2014,south
YL-N42,0,0,0,0,0,0,0,1,1,0,1,0,0,1,2014,south
YL-N41,0,0,0,0,1,0,0,1,0,0,1,0,0,1,2014,south
YL-N3D,0,0,0,1,0,0,0,0,0,0,1,0,0,1,2014,south
YL-N39,0,0,0,0,0,1,0,0,0,0,1,0,0,1,2014,south
YL-N38,0,0,0,0,1,1,1,0,1,0,1,0,0,1,2014,south
YL-N36,0,0,0,0,1,1,1,1,1,0,1,0,0,1,2014,south
YL-N34,0,0,0,1,0,0,0,0,0,0,1,0,0,1,2014,south
YL-N33,0,0,0,1,1,0,1,1,0,0,1,0,0,1,2014,south
YL-N32,0,0,0,0,1,1,0,1,1,0,1,0,0,1,2014,south
YL-N31,0,0,0,0,1,0,0,0,0,0,1,0,0,1,2014,south
YL-N30,0,0,0,1,0,0,0,0,0,0,1,0,0,1,2014,south
YL-N29,0,0,0,0,0,1,1,0,0,0,1,0,0,1,2014,south
YL-N27,0,0,0,0,0,0,0,0,1,0,1,0,0,1,2014,south
YL-N26,0,0,0,1,1,0,0,0,0,0,1,0,0,1,2014,south
YL-N21,0,0,1,0,1,0,0,1,0,0,1,0,0,1,2014,south
YL-N20,0,0,0,1,1,0,1,1,0,0,1,0,0,1,2014,south
YL-N18,0,0,0,0,1,1,0,0,0,0,1,0,0,1,2014,south
YL-N13,0,0,1,1,0,1,0,0,0,1,1,0,0,1,2014,south
YL-N12,0,1,1,1,0,0,1,0,0,0,1,0,0,1,2014,south
YL-N10,0,0,0,0,1,1,1,0,0,0,1,0,0,1,2014,south
YL-N09,0,1,0,0,1,1,1,0,0,0,1,0,0,1,2014,south
YL-N08,0,0,1,1,1,1,1,0,0,0,1,0,0,1,2014,south
YL-N07,0,0,1,1,1,0,0,1,0,0,1,0,0,1,2014,south
YL-N06,0,0,1,0,1,1,1,1,0,0,1,0,0,1,2014,south
YL-N05,0,0,1,0,1,0,0,0,1,0,1,0,0,1,2014,south
YL-N04,0,0,1,0,0,0,0,0,0,0,1,0,0,1,2014,south
YL-N03,0,0,0,0,0,0,1,0,0,0,1,0,0,1,2014,south
YL-N02,0,0,0,1,0,0,1,0,0,0,1,0,0,1,2014,south
YL-N01,0,0,0,0,0,0,1,0,0,0,1,0,0,1,2014,south
YL-M94,0,0,0,0,0,1,0,0,0,0,1,0,0,1,2014,south
YL-M93,0,0,1,0,0,1,1,0,0,0,1,0,0,1,2014,south
YL-M92,0,0,0,0,0,1,0,0,0,0,1,0,0,1,2014,south
YL-M90,0,0,0,0,1,0,0,1,0,0,1,0,0,1,2014,south
YL-M89,0,0,0,0,1,0,0,0,0,0,1,0,0,1,2014,south
YL-M87,0,0,0,1,1,0,1,0,0,0,1,0,0,1,2014,south
YL-M86,0,0,0,1,1,1,1,0,0,0,1,0,0,1,2014,south
YL-M85,0,0,1,1,0,0,0,0,0,0,1,0,0,1,2014,south
YL-M81,0,0,0,0,0,0,0,1,0,0,1,0,0,1,2014,south
YL-M80,0,0,0,1,0,1,0,0,0,0,1,0,0,1,2014,south
YL-M79,0,0,0,0,1,0,0,0,0,0,1,0,0,1,2014,south
YL-M76,0,0,1,0,0,0,1,1,0,0,1,0,0,1,2014,south
YL-M75,0,0,1,0,0,0,1,0,0,0,1,0,0,1,2014,south
YL-M73,0,0,0,1,0,0,1,0,0,0,1,0,0,1,2014,south
YL-M72,0,0,1,1,1,1,1,0,0,0,1,0,0,1,2014,south
YL-M71,0,0,0,1,1,0,0,0,1,0,1,0,0,1,2014,south
YL-M67,0,0,0,0,0,1,1,0,1,0,1,0,0,1,2014,south
YL-M65,0,0,1,0,0,1,0,1,0,0,1,0,0,1,2014,south
YL-M60,0,1,0,1,0,1,0,1,0,0,1,0,0,1,2014,south
YL-M59,0,0,1,0,1,0,1,0,0,0,1,0,0,1,2014,south
YL-M57,0,0,0,0,1,0,0,0,0,0,1,0,0,1,2014,south
YL-M56,0,1,1,1,0,0,1,0,0,0,1,0,0,1,2014,south
YL-M55,0,0,0,1,1,0,0,0,0,0,1,0,0,1,2014,south
YL-M53,0,1,0,1,1,1,1,1,0,0,1,0,0,1,2014,south
YL-M48,0,0,0,0,0,1,0,0,1,0,1,0,0,1,2014,south
YL-M44,0,0,0,0,0,0,0,1,0,0,1,0,0,1,2014,south
YL-M41,0,1,1,0,0,0,0,0,0,0,1,0,0,1,2014,south
YL-M38,0,0,0,0,1,0,0,0,0,0,1,0,0,1,2014,south
YL-M30,0,0,0,0,0,0,1,0,0,0,1,0,0,1,2014,south
YL-M29,0,0,0,1,0,0,0,1,0,0,1,0,0,1,2014,south
YL-M28,0,0,0,1,1,1,0,0,1,0,1,0,0,1,2014,south
YL-M27,0,1,1,0,0,0,1,0,0,0,1,0,0,1,2014,south
YL-M25,0,0,0,0,0,1,1,1,0,0,1,0,0,1,2014,south
YL-M24,0,0,0,0,1,1,0,1,0,0,1,0,0,1,2014,south
YL-M23,0,0,0,0,1,0,1,0,0,0,1,0,0,1,2014,south
YL-M22,0,0,0,1,0,0,0,0,0,0,1,0,0,1,2014,south
YL-M21,0,0,0,0,1,0,1,1,0,0,1,0,0,1,2014,south
YL-M20,0,0,0,0,0,1,1,0,1,0,1,0,0,1,2014,south
YL-M19,0,0,0,1,1,0,1,1,0,0,1,0,0,1,2014,south
YL-M18,0,0,0,1,0,0,0,1,0,0,1,0,0,1,2014,south
YL-M17,0,0,0,0,0,0,0,0,1,0,1,0,0,1,2014,south
YL-M16,0,0,1,0,1,1,1,0,0,0,1,0,0,1,2014,south
YL-M15,0,0,1,0,1,0,0,0,0,0,1,0,0,1,2014,south
YL-M14,0,0,0,1,1,0,0,0,0,0,1,0,0,1,2014,south
YL-M13,0,1,0,0,1,1,1,1,1,0,1,0,0,1,2014,south
YL-M12,0,0,1,1,0,1,0,1,0,0,1,0,0,1,2014,south
YL-M11,0,0,0,1,1,1,1,0,1,0,1,0,0,1,2014,south
YL-M09,0,0,1,0,1,0,0,0,0,0,1,0,0,1,2014,south
YL-M08,0,0,1,1,1,1,1,1,0,0,1,0,0,1,2014,south
YL-M07,0,0,1,1,0,1,1,0,0,0,1,0,0,1,2014,south
YL-M06,0,0,0,0,1,1,1,1,0,0,1,0,0,1,2014,south
YL-M05,0,0,0,0,1,0,0,1,0,0,1,0,0,1,2014,south
YL-M03,0,1,0,0,0,0,0,0,0,0,1,0,0,1,2014,south
YL-M02,0,1,0,1,0,0,1,0,0,0,1,0,0,1,2014,south
YL-M01,0,0,0,0,0,0,1,0,0,0,1,0,0,1,2014,south
YL-M00,0,0,0,0,0,0,1,0,0,0,1,0,0,1,2014,south
YL-L99,0,0,1,1,0,1,1,1,1,0,1,0,0,1,2014,south
YL-L94,0,0,0,0,1,1,0,0,0,0,1,0,0,1,2014,south
YL-L92,0,0,1,1,1,1,0,1,0,0,1,0,0,1,2014,south
YL-L89,0,0,1,1,0,0,0,0,0,0,1,0,0,1,2014,south
YL-L85,0,0,0,0,1,1,1,1,0,0,1,0,0,1,2014,south
YL-L84,0,0,0,0,1,1,1,0,0,0,1,0,0,1,2014,south
YL-L83,0,0,0,1,0,0,0,0,0,1,1,0,0,1,2014,south
YL-L82,0,0,0,0,0,1,1,1,0,0,1,0,0,1,2014,south
YL-L81,0,0,0,0,1,0,0,0,0,0,1,0,0,1,2014,south
YL-L78,0,0,1,1,0,1,0,0,0,0,1,0,0,1,2014,south
YL-L77,0,0,0,1,0,0,0,0,0,0,1,0,0,1,2014,south
YL-L74,0,0,0,1,1,0,1,0,0,0,1,0,0,1,2014,south
YL-L71,0,0,0,1,0,0,0,1,0,0,1,0,0,1,2014,south
YL-L70,0,0,0,0,0,1,1,1,0,0,1,0,0,1,2014,south
YL-L69,0,0,0,0,0,1,0,0,0,0,1,0,0,1,2014,south
YL-L66,0,0,0,1,1,1,1,1,0,0,1,0,0,1,2014,south
YL-L62,0,0,0,1,1,0,1,1,0,0,1,0,0,1,2014,south
YL-L60,0,1,0,0,1,1,0,0,0,0,1,0,0,1,2014,south
YL-L59,0,0,0,1,0,0,1,0,0,0,1,0,0,1,2014,south
YL-L57,0,0,0,1,0,0,0,0,0,0,1,0,0,1,2014,south
YL-L54,0,0,1,1,1,1,0,0,0,0,1,0,0,1,2014,south
YL-L53,0,0,0,0,0,0,1,1,0,0,1,0,0,1,2014,south
YL-L52,0,0,1,0,1,0,0,0,0,0,1,0,0,1,2014,south
YL-L51,0,0,0,0,1,1,1,0,0,0,1,0,0,1,2014,south
YL-L50,0,1,1,0,1,0,0,0,0,0,1,0,0,1,2014,south
YL-L49,0,0,0,0,1,0,1,1,0,0,1,0,0,1,2014,south
YL-L48,0,0,1,0,0,1,0,0,0,0,1,0,0,1,2014,south
YL-L46,0,0,0,0,0,1,0,0,0,0,1,0,0,1,2014,south
YL-L44,0,0,0,0,1,0,1,0,0,0,1,0,0,1,2014,south
YL-L43,0,0,0,0,0,0,0,1,0,0,1,0,0,1,2014,south
YL-L42,0,0,1,0,0,0,0,0,0,0,1,0,0,1,2014,south
YL-L41,0,0,0,0,1,0,1,1,0,0,1,0,0,1,2014,south
YL-L40,0,0,1,0,0,0,0,0,0,0,1,0,0,1,2014,south
YL-L37,0,0,1,0,0,0,0,1,0,0,1,0,0,1,2014,south
YL-L36,0,0,0,1,0,0,0,1,0,0,1,0,0,1,2014,south
YL-L35,0,0,0,0,1,1,0,0,0,0,1,0,0,1,2014,south
YL-L34,0,0,1,0,0,1,1,1,0,0,1,0,0,1,2014,south
YL-L33,0,0,0,0,1,0,1,0,0,1,1,0,0,1,2014,south
YL-L31,0,0,0,0,1,1,0,0,0,0,1,0,0,1,2014,south
YL-L30,0,0,0,1,1,1,1,0,1,0,1,0,0,1,2014,south
YL-L29,0,0,1,0,0,0,0,0,0,0,1,0,0,1,2014,south
YL-L28,0,0,0,0,0,1,0,0,0,0,1,0,0,1,2014,south
YL-L27,0,1,1,1,1,0,0,0,0,0,1,0,0,1,2014,south
YL-L26,0,0,0,0,0,0,0,1,0,0,1,0,0,1,2014,south
YL-L25,0,0,0,1,1,0,1,0,0,0,1,0,0,1,2014,south
YL-L24,0,0,0,0,0,0,1,0,0,0,1,0,0,1,2014,south
YL-L23,0,0,1,1,1,0,1,0,0,0,1,0,0,1,2014,south
YL-L22,0,0,1,0,1,0,0,0,0,0,1,0,0,1,2014,south
YL-L21,0,0,0,0,0,0,0,1,0,0,1,0,0,1,2014,south
YL-L20,0,0,0,1,0,0,0,0,0,0,1,0,0,1,2014,south
YL-L19,0,0,1,0,0,0,1,0,0,0,1,0,0,1,2014,south
YL-L18,0,0,1,0,1,1,0,0,0,0,1,0,0,1,2014,south
YL-L17,0,0,0,0,0,1,1,0,0,0,1,0,0,1,2014,south
YL-L16,0,0,0,1,1,1,1,0,0,0,1,0,0,1,2014,south
YL-L15,0,0,0,1,0,0,0,0,0,0,1,0,0,1,2014,south
YL-L14,0,0,1,1,1,0,0,1,0,0,1,0,0,1,2014,south
YL-L11,0,0,0,1,0,1,1,1,0,0,1,0,0,1,2014,south
YL-L10,0,0,0,0,0,0,0,1,0,0,1,0,0,1,2014,south
YL-L09,0,0,0,1,1,0,1,0,0,0,1,0,0,1,2014,south
YL-L07,0,0,1,0,0,1,0,1,0,0,1,0,0,1,2014,south
YL-L06,0,0,1,0,1,1,0,0,0,0,1,0,0,1,2014,south
YL-L05,0,1,1,1,0,0,1,0,1,0,1,0,0,1,2014,south
YL-L04,0,0,0,0,1,0,1,0,0,0,1,0,0,1,2014,south
YL-L03,0,0,0,0,0,0,0,1,0,0,1,0,0,1,2014,south
YL-L02,0,0,0,0,0,0,0,1,0,0,1,0,0,1,2014,south
YL-L01,0,0,1,1,1,0,0,0,0,0,1,0,0,1,2014,south
YL-K99,0,1,0,0,0,1,0,0,0,0,1,0,0,1,2014,south
YL-K98,0,0,0,0,0,0,0,1,0,0,1,0,0,1,2014,south
YL-K97,0,0,0,0,0,1,1,0,0,0,1,0,0,1,2014,south
YL-K95,0,0,1,0,0,0,0,0,0,0,1,0,0,1,2014,south
YL-K94,0,1,0,1,1,1,0,1,0,0,1,0,0,1,2014,south
YL-K92,0,0,1,1,0,0,0,0,0,0,1,0,0,1,2014,south
YL-K91,0,1,1,1,1,1,1,1,0,0,1,0,0,1,2014,south
YL-K89,0,0,0,0,1,0,1,0,0,0,1,0,0,1,2014,south
YL-K88,0,0,1,0,0,0,0,0,0,0,1,0,0,1,2014,south
YL-K86,0,1,0,0,0,0,0,0,0,0,1,0,0,1,2014,south
YL-K85,0,1,1,0,1,1,1,1,0,0,1,0,0,1,2014,south
YL-K82,0,1,1,0,1,1,0,1,1,0,1,0,0,1,2014,south
YL-K81,0,0,1,1,1,1,1,0,0,0,1,0,0,1,2014,south
YL-K80,0,0,1,1,0,1,1,1,0,0,1,0,0,1,2014,south
YL-K79,0,0,1,1,1,1,0,0,0,0,1,0,0,1,2014,south
YL-K76,0,0,0,1,0,0,0,0,0,0,1,0,0,1,2014,south
YL-K73,0,1,1,1,1,1,0,0,0,0,1,0,0,1,2014,south
YL-K72,0,1,1,0,0,0,0,0,0,0,1,0,0,1,2014,south
YL-K71,0,0,1,0,0,0,1,0,0,0,1,0,0,1,2014,south
YL-K70,0,0,1,1,0,0,0,0,0,0,1,0,0,1,2014,south
YL-K69,0,1,0,1,0,0,1,0,0,1,1,0,0,1,2014,south
YL-K68,0,0,1,1,0,0,0,1,0,0,1,0,0,1,2014,south
YL-K67,0,0,1,0,0,0,0,0,0,0,1,0,0,1,2014,south
YL-K66,0,0,1,0,0,0,0,0,0,0,1,0,0,1,2014,south
YL-K65,0,0,0,0,0,1,0,0,0,0,1,0,0,1,2014,south
YL-K64,0,0,0,1,0,0,0,1,0,0,1,0,0,1,2014,south
YL-K63,0,0,0,0,1,0,1,1,1,0,1,0,0,1,2014,south
YL-K62,0,0,1,0,0,0,0,1,0,0,1,0,0,1,2014,south
YL-K61,0,0,0,0,1,0,0,0,0,0,1,0,0,1,2014,south
YL-K59,0,0,1,1,0,0,1,0,0,0,1,0,0,1,2014,south
YL-K56,0,0,1,0,1,0,0,0,0,0,1,0,0,1,2014,south
YL-K55,0,1,1,0,0,1,1,1,0,0,1,0,0,1,2014,south
YL-K54,0,0,0,0,1,1,1,0,0,0,1,0,0,1,2014,south
YL-K53,0,1,1,0,1,0,0,0,0,0,1,0,0,1,2014,south
YL-K52,0,0,1,1,1,1,1,0,1,0,1,0,0,1,2014,south
YL-K51,0,0,0,0,1,0,1,0,0,0,1,0,0,1,2014,south
YL-K50,0,1,1,1,1,1,1,0,0,0,1,0,0,1,2014,south
YL-K49,0,0,0,0,1,1,1,1,0,0,1,0,0,1,2014,south
YL-K48,0,0,1,0,1,0,0,0,0,0,1,0,0,1,2014,south
YL-K47,0,0,0,1,0,0,0,0,0,0,1,0,0,1,2014,south
YL-K45,0,0,1,1,1,0,0,1,0,0,1,0,0,1,2014,south
YL-K44,0,0,0,0,1,0,0,0,0,0,1,0,0,1,2014,south
YL-K42,0,0,1,0,1,0,0,0,0,0,1,0,0,1,2014,south
YL-K41,0,0,1,0,0,0,0,0,0,0,1,0,0,1,2014,south
YL-K40,0,0,0,0,0,1,1,1,0,0,1,0,0,1,2014,south
YL-K38,0,0,1,1,0,1,0,0,0,0,1,0,0,1,2014,south
YL-K37,0,0,0,1,0,0,0,0,0,0,1,0,0,1,2014,south
YL-K35,0,0,0,1,0,0,0,0,0,0,1,0,0,1,2014,south
YL-K34,0,0,0,1,0,0,0,1,0,0,1,0,0,1,2014,south
YL-K33,0,0,0,1,0,0,1,0,0,0,1,0,0,1,2014,south
YL-K32,0,0,0,0,1,0,0,0,0,0,1,0,0,1,2014,south
YL-K31,0,0,1,0,1,0,1,1,0,0,1,0,0,1,2014,south
YL-K29,0,0,0,0,0,1,1,1,0,0,1,0,0,1,2014,south
YL-K28,0,0,0,0,0,0,0,1,0,0,1,0,0,1,2014,south
YL-K27,0,0,0,1,0,0,0,0,0,0,1,0,0,1,2014,south
YL-K26,0,1,1,0,0,0,0,0,0,0,1,0,0,1,2014,south
YL-K25,0,0,0,1,1,1,1,0,0,0,1,0,0,1,2014,south
YL-K22,0,0,0,1,1,0,0,0,0,0,1,0,0,1,2014,south
YL-K21,0,0,1,0,0,0,0,0,0,0,1,0,0,1,2014,south
YL-K20,0,1,0,0,1,0,0,1,0,0,1,0,0,1,2014,south
YL-K19,0,0,0,1,1,0,0,1,1,0,1,0,0,1,2014,south
YL-K18,0,1,0,1,1,1,0,1,0,1,1,0,0,1,2014,south
YL-K16,0,0,0,0,0,0,0,1,1,0,1,0,0,1,2014,south
YL-K15,0,0,0,1,1,1,1,0,0,0,1,0,0,1,2014,south
YL-K14,0,0,0,0,0,0,1,0,0,0,1,0,0,1,2014,south
YL-K13,0,0,0,0,0,1,1,1,0,0,1,0,0,1,2014,south
YL-K12,0,0,0,0,1,1,0,1,0,0,1,0,0,1,2014,south
YL-K11,0,0,1,1,0,1,1,1,0,0,1,0,0,1,2014,south
YL-K10,0,1,1,1,0,0,0,1,0,0,1,0,0,1,2014,south
YL-K09,0,1,0,0,0,0,0,0,0,0,1,0,0,1,2014,south
YL-K08,0,0,1,0,0,1,1,0,0,0,1,0,0,1,2014,south
YL-K07,0,0,0,0,0,1,0,0,1,1,1,0,0,1,2014,south
YL-K06,0,0,1,0,0,0,0,1,0,0,1,0,0,1,2014,south
YL-K05,0,0,0,0,1,0,0,0,0,0,1,0,0,1,2014,south
YL-K02,0,0,1,1,0,0,0,1,0,0,1,0,0,1,2014,south
YL-K01,0,0,1,0,0,0,1,0,0,0,1,0,0,1,2014,south
YL-J99,0,1,1,1,0,1,1,0,1,0,1,0,0,1,2014,south
YL-J96,0,0,1,0,0,0,0,0,0,0,1,0,0,1,2014,south
YL-J95,0,0,0,1,1,0,1,0,0,0,1,0,0,1,2014,south
YL-J93,0,0,1,0,1,1,1,0,0,0,1,0,0,1,2014,south
YL-J91,0,0,1,0,0,0,0,0,1,0,1,0,0,1,2014,south
YL-J89,0,0,0,0,0,1,1,0,0,0,1,0,0,1,2014,south
YL-J88,0,0,0,0,0,0,1,0,0,0,1,0,0,1,2014,south
YL-J86,0,0,1,1,1,1,0,0,0,0,1,0,0,1,2014,south
YL-J84,0,0,0,0,1,1,1,1,0,0,1,0,0,1,2014,south
YL-J83,0,0,0,0,0,0,0,1,0,0,1,0,0,1,2014,south
YL-J81,0,1,1,1,0,0,0,0,0,0,1,0,0,1,2014,south
YL-J80,0,0,1,1,1,0,0,0,0,0,1,0,0,1,2014,south
YL-J79,0,1,1,0,0,1,1,1,0,0,1,0,0,1,2014,south
YL-J78,0,0,1,1,0,1,0,0,0,0,1,0,0,1,2014,south
YL-J75,0,1,1,1,0,1,0,0,0,0,1,0,0,1,2014,south
YL-J74,0,0,0,0,0,1,1,0,0,0,1,0,0,1,2014,south
YL-J73,0,0,1,1,0,0,1,1,0,0,1,0,0,1,2014,south
YL-J72,0,1,0,0,0,0,0,0,0,0,1,0,0,1,2014,south
YL-J71,0,0,0,1,0,0,0,0,0,0,1,0,0,1,2014,south
YL-J68,0,1,1,0,1,1,0,0,0,0,1,0,0,1,2014,south
YL-J63,0,0,0,1,0,1,0,1,0,0,1,0,0,1,2014,south
YL-J62,0,0,0,0,0,0,1,0,0,0,1,0,0,1,2014,south
YL-J61,0,0,0,1,0,0,0,0,0,0,1,0,0,1,2014,south
YL-J60,0,1,1,0,1,0,0,0,0,0,1,0,0,1,2014,south
YL-J59,1,1,0,0,0,1,0,0,0,0,1,0,0,1,2014,south
YL-J58,0,1,0,0,0,0,0,0,0,0,1,0,0,1,2014,south
YL-J57,0,0,0,1,1,0,0,0,0,0,1,0,0,1,2014,south
YL-J56,0,0,1,1,1,1,1,0,1,0,1,0,0,1,2014,south
YL-J55,0,0,1,1,0,0,0,0,0,0,1,0,0,1,2014,south
YL-J53,0,0,0,0,1,0,1,0,0,0,1,0,0,1,2014,south
YL-J51,0,0,1,1,0,0,0,0,0,0,1,0,0,1,2014,south
YL-J50,0,1,1,1,0,0,0,0,0,0,1,0,0,1,2014,south
YL-J48,0,0,1,1,0,0,0,0,0,0,1,0,0,1,2014,south
YL-J47,0,0,0,0,1,0,0,0,0,0,1,0,0,1,2014,south
YL-J46,0,1,1,0,0,0,0,0,0,0,1,0,0,1,2014,south
YL-J44,0,1,1,1,1,0,0,0,0,0,1,0,0,1,2014,south
YL-J42,0,0,1,0,0,0,0,0,0,0,1,0,0,1,2014,south
YL-J40,0,0,1,0,1,0,0,0,0,0,1,0,0,1,2014,south
YL-J39,0,0,0,1,1,0,0,0,0,0,1,0,0,1,2014,south
YL-J37,0,0,0,1,1,1,1,1,0,0,1,0,0,1,2014,south
YL-J36,0,1,1,0,0,0,1,0,1,1,1,0,0,1,2014,south
YL-J35,0,1,0,1,1,0,0,0,0,0,1,0,0,1,2014,south
YL-J34,0,0,0,0,1,1,0,0,0,0,1,0,0,1,2014,south
YL-J33,0,1,1,0,0,1,0,0,0,0,1,0,0,1,2014,south
YL-J32,0,1,1,1,1,1,1,0,0,0,1,0,0,1,2014,south
YL-J31,0,0,0,0,0,1,1,1,0,0,1,0,0,1,2014,south
YL-J30,0,0,0,0,1,0,0,0,0,0,1,0,0,1,2014,south
YL-J29,0,1,1,0,0,0,0,0,0,0,1,0,0,1,2014,south
YL-J27,0,1,0,0,0,0,1,0,0,0,1,0,0,1,2014,south
YL-J26,0,1,0,0,0,0,0,0,0,0,1,0,0,1,2014,south
YL-J25,0,0,0,1,1,0,0,1,0,0,1,0,0,1,2014,south
YL-J24,0,1,1,0,0,0,0,0,0,0,1,0,0,1,2014,south
YL-J23,0,0,0,1,0,0,0,0,0,0,1,0,0,1,2014,south
YL-J22,0,0,1,1,0,1,0,0,0,0,1,0,0,1,2014,south
YL-J21,0,1,0,1,1,1,1,1,0,0,1,0,0,1,2014,south
YL-J20,0,0,1,0,1,0,0,1,0,0,1,0,0,1,2014,south
YL-J19,0,0,1,0,0,1,1,0,0,0,1,0,0,1,2014,south
YL-J18,0,1,0,1,1,0,0,0,0,0,1,0,0,1,2014,south
YL-J17,0,1,0,1,0,1,0,0,0,0,1,0,0,1,2014,south
YL-J16,0,1,1,1,1,0,1,0,0,0,1,0,0,1,2014,south
YL-J15,0,0,1,1,0,0,1,0,0,0,1,0,0,1,2014,south
YL-J12,0,0,1,0,0,0,1,1,0,0,1,0,0,1,2014,south
YL-J11,0,1,0,0,1,0,0,0,0,0,1,0,0,1,2014,south
YL-J10,0,0,0,0,1,0,0,0,0,0,1,0,0,1,2014,south
YL-J09,1,0,0,0,0,0,0,0,0,0,1,0,0,1,2014,south
YL-J07,0,0,0,0,1,0,1,0,1,0,1,0,0,1,2014,south
YL-J05,0,0,0,1,1,0,1,0,0,0,1,0,0,1,2014,south
YL-J04,0,0,0,1,0,0,0,1,0,0,1,0,0,1,2014,south
YL-J03,0,0,1,1,0,0,0,0,0,0,1,0,0,1,2014,south
YL-J02,0,0,1,0,1,0,0,1,0,0,1,0,0,1,2014,south
YL-J01,0,0,1,0,0,0,0,0,0,0,1,0,0,1,2014,south
YL-J00,0,0,0,0,1,0,0,1,0,1,1,0,0,1,2014,south
YL-F14,0,0,0,0,0,0,1,1,0,0,1,0,0,1,2014,south
YL-F13,0,0,1,0,1,0,0,1,0,0,1,0,0,1,2014,south
YL-F12,0,0,0,0,0,0,1,0,0,0,1,0,0,1,2014,south
YL-F10,0,0,0,0,0,0,0,1,0,0,1,0,0,1,2014,south
YL-F09,0,1,0,0,0,0,0,0,0,0,1,0,0,1,2014,south
YL-F05,0,0,0,0,0,0,1,0,0,0,1,0,0,1,2014,south
YL-F03,0,0,0,0,1,0,0,1,0,0,1,0,0,1,2014,south
YL-F02,0,0,0,0,0,0,1,0,0,0,1,0,0,1,2014,south
YL-F01,0,0,0,1,0,0,0,0,0,0,1,0,0,1,2014,south
YL-F00,0,0,1,0,0,1,1,0,0,0,1,0,0,1,2014,south
YL-B67,0,0,0,0,0,1,0,0,0,0,1,0,1,0,2014,north
YL-B65,0,0,0,0,1,0,0,0,0,0,1,0,1,0,2014,north
YL-B61,0,0,0,0,0,0,0,0,1,0,1,0,1,0,2014,north
YL-B52,0,0,0,0,0,0,1,0,0,0,1,0,1,0,2014,north
RD-Y22,0,0,0,0,0,1,0,1,0,1,1,0,1,0,2014,north
RD-Y21,0,0,0,0,1,0,1,1,1,0,1,0,1,0,2014,north
RD-Y20,0,0,0,0,1,0,0,0,0,0,1,0,1,0,2014,north
RD-Y15,0,0,0,0,0,0,0,0,1,0,1,0,1,0,2014,north
RD-Y14,0,0,0,1,1,0,0,0,0,0,1,0,1,0,2014,north
RD-Y13,0,0,0,0,0,1,1,1,0,0,1,0,1,0,2014,north
RD-Y10,0,0,0,0,1,0,1,0,0,0,1,0,1,0,2014,north
RD-Y09,0,0,0,0,1,1,1,0,0,0,1,0,1,0,2014,north
RD-Y08,0,0,0,0,1,0,0,0,1,0,1,0,1,0,2014,north
RD-Y06,0,0,0,0,0,1,1,0,1,1,1,0,1,0,2014,north
RD-Y05,0,0,0,0,0,1,1,1,0,0,1,0,1,0,2014,north
RD-Y04,0,0,1,1,1,1,0,0,1,1,1,0,1,0,2014,north
RD-Y02,0,0,0,0,0,1,1,0,0,0,1,0,1,0,2014,north
RD-U45,0,0,0,0,0,1,0,0,0,0,1,0,1,0,2014,north
RD-U15,0,0,0,0,0,1,1,1,1,0,1,0,1,0,2014,north
RD-U12,0,0,0,0,1,1,1,1,0,0,1,0,1,0,2014,north
RD-U00,0,0,0,0,0,1,1,1,0,0,1,0,1,0,2014,north
RD-T84,0,0,0,0,1,0,0,0,0,0,1,0,1,0,2014,north
RD-T81,0,0,0,0,0,0,1,0,0,0,1,0,1,0,2014,north
RD-T68,0,0,0,0,0,1,1,0,0,0,1,0,1,0,2014,north
RD-T66,0,0,0,0,1,0,0,0,0,0,1,0,1,0,2014,north
RD-T64,0,0,0,1,1,1,0,0,0,0,1,0,1,0,2014,north
RD-T62,0,0,0,0,0,1,0,0,0,0,1,0,1,0,2014,north
RD-T61,0,0,0,0,1,1,1,1,0,0,1,0,1,0,2014,north
RD-T60,0,0,0,0,0,0,1,0,0,0,1,0,1,0,2014,north
RD-T58,0,0,0,0,0,1,1,0,0,1,1,0,1,0,2014,north
RD-T57,0,0,0,0,1,1,0,0,0,0,1,0,1,0,2014,north
RD-T56,0,0,0,0,0,1,1,0,0,0,1,0,1,0,2014,north
RD-T53,0,0,0,0,0,0,1,0,0,0,1,0,1,0,2014,north
RD-T52,0,0,0,0,1,1,1,1,1,0,1,0,1,0,2014,north
RD-T51,0,0,0,0,1,0,1,1,0,0,1,0,1,0,2014,north
RD-T50,0,0,0,0,0,1,1,1,0,0,1,0,1,0,2014,north
RD-T49,0,0,0,1,1,1,0,1,0,0,1,0,1,0,2014,north
RD-T43,0,0,0,0,1,1,0,0,0,0,1,0,1,0,2014,north
RD-T42,0,0,0,0,0,1,0,0,0,0,1,0,1,0,2014,north
RD-T40,0,0,0,0,1,0,1,0,1,0,1,0,1,0,2014,north
RD-T39,0,0,0,0,0,1,0,0,0,0,1,0,1,0,2014,north
RD-T37,0,0,0,0,1,0,0,0,0,0,1,0,1,0,2014,north
RD-T33,0,0,0,1,0,1,1,1,1,1,1,0,1,0,2014,north
RD-T32,0,0,0,0,0,0,1,0,0,0,1,0,1,0,2014,north
RD-T31,0,0,1,1,0,1,1,1,0,0,1,0,1,0,2014,north
RD-T27,0,0,1,1,1,1,0,0,0,0,1,0,1,0,2014,north
RD-T23,0,0,1,1,1,1,1,1,0,0,1,0,1,0,2014,north
RD-T22,0,0,0,1,0,0,0,0,0,0,1,0,1,0,2014,north
RD-T21,0,0,1,0,0,0,0,0,0,0,1,0,1,0,2014,north
RD-T14,0,0,0,1,1,1,0,0,0,0,1,0,1,0,2014,north
RD-T05,0,0,0,0,1,1,1,0,0,0,1,0,1,0,2014,north
RD-T03,0,0,0,0,0,1,0,0,0,0,1,0,1,0,2014,north
RD-T02,0,0,0,0,1,0,1,1,0,0,1,0,1,0,2014,north
RD-S61,0,0,0,0,0,0,1,0,0,0,1,0,1,0,2014,north
RD-S50,0,0,0,0,0,1,1,0,0,0,1,0,1,0,2014,north
RD-S47,0,0,0,0,1,0,0,0,0,0,1,0,1,0,2014,north
RD-S46,0,0,0,0,1,1,1,0,1,0,1,0,1,0,2014,north
RD-S45,0,1,1,0,1,1,1,0,0,0,1,0,1,0,2014,north
RD-S44,0,0,0,0,1,0,0,0,0,0,1,0,1,0,2014,north
RD-S43,0,0,1,1,0,1,1,1,0,0,1,0,1,0,2014,north
RD-S42,0,0,0,1,1,1,0,1,1,0,1,0,1,0,2014,north
RD-S41,0,0,0,0,1,0,0,0,0,0,1,0,1,0,2014,north
RD-S39,0,0,0,0,1,1,0,1,1,0,1,0,1,0,2014,north
RD-S38,0,0,0,0,1,0,0,1,1,0,1,0,1,0,2014,north
RD-S37,0,0,0,0,1,1,1,1,0,0,1,0,1,0,2014,north
RD-S36,0,0,0,0,0,1,1,0,0,0,1,0,1,0,2014,north
RD-S33,0,0,0,0,1,1,1,0,0,0,1,0,1,0,2014,north
RD-S32,0,0,0,1,1,1,1,0,0,0,1,0,1,0,2014,north
RD-S31,0,0,0,0,1,0,0,1,0,0,1,0,1,0,2014,north
RD-S30,0,0,0,1,0,1,1,1,0,0,1,0,1,0,2014,north
RD-S29,0,0,0,1,0,1,1,1,0,0,1,0,1,0,2014,north
RD-S28,0,0,0,1,1,0,1,0,0,0,1,0,1,0,2014,north
RD-S27,0,0,1,1,1,1,1,0,0,0,1,0,1,0,2014,north
RD-S25,0,0,1,0,1,0,1,1,0,0,1,0,1,0,2014,north
RD-S23,0,0,1,1,1,1,1,1,0,0,1,0,1,0,2014,north
RD-S21,0,0,1,1,1,1,0,0,0,0,1,0,1,0,2014,north
RD-S20,0,0,1,1,0,0,0,0,0,0,1,0,1,0,2014,north
RD-S18,0,0,1,1,1,1,1,1,0,0,1,0,1,0,2014,north
RD-S16,0,0,1,1,0,1,0,0,0,0,1,0,1,0,2014,north
RD-S15,0,0,1,1,1,1,0,0,0,0,1,0,1,0,2014,north
RD-S14,0,0,1,1,1,1,1,0,1,0,1,0,1,0,2014,north
RD-S13,0,0,1,1,1,1,1,0,0,0,1,0,1,0,2014,north
RD-S12,0,0,1,0,0,1,1,0,0,0,1,0,1,0,2014,north
RD-S11,0,0,0,1,1,0,0,1,0,0,1,0,1,0,2014,north
RD-S10,0,0,0,0,0,1,1,1,0,0,1,0,1,0,2014,north
RD-S09,0,0,1,1,0,1,1,0,0,0,1,0,1,0,2014,north
RD-S08,0,0,1,0,0,1,0,1,0,0,1,0,1,0,2014,north
RD-S07,0,0,1,0,0,0,0,1,0,0,1,0,1,0,2014,north
RD-S05,1,1,1,0,1,1,1,1,0,0,1,0,1,0,2014,north
RD-S04,0,0,1,1,1,1,0,0,0,0,1,0,1,0,2014,north
RD-S03,0,0,0,0,0,1,1,1,0,0,1,0,1,0,2014,north
RD-S02,0,0,0,0,1,1,0,0,0,0,1,0,1,0,2014,north
RD-S01,1,1,1,0,0,0,1,1,1,0,1,0,1,0,2014,north
RD-P97,0,0,0,0,0,0,1,0,0,0,1,0,1,0,2014,north
RD-P96,0,0,0,0,0,1,1,1,1,0,1,0,1,0,2014,north
RD-P94,0,0,0,0,1,1,1,1,0,0,1,0,1,0,2014,north
RD-P91,0,0,0,1,0,0,0,0,0,0,1,0,1,0,2014,north
RD-P90,0,0,0,0,0,1,1,1,0,0,1,0,1,0,2014,north
RD-P85,0,0,0,0,0,0,1,0,0,0,1,0,1,0,2014,north
RD-P83,0,0,0,0,0,1,1,0,0,0,1,0,1,0,2014,north
RD-P80,0,0,1,1,1,1,0,0,1,0,1,0,1,0,2014,north
RD-P79,0,0,0,0,1,0,1,1,0,1,1,0,1,0,2014,north
RD-P77,0,0,0,1,1,1,0,0,0,0,1,0,1,0,2014,north
RD-P76,0,0,0,0,1,1,0,0,0,0,1,0,1,0,2014,north
RD-P74,0,0,0,0,0,0,1,0,0,0,1,0,1,0,2014,north
RD-P73,0,0,0,1,1,1,1,0,0,0,1,0,1,0,2014,north
RD-P71,0,0,0,0,0,1,1,1,1,1,1,0,1,0,2014,north
RD-P69,0,0,1,0,1,0,0,1,0,0,1,0,1,0,2014,north
RD-P68,0,0,0,1,1,0,1,1,0,1,1,0,1,0,2014,north
RD-P67,0,0,1,1,0,1,1,0,0,0,1,0,1,0,2014,north
RD-P65,0,0,0,0,0,1,1,1,1,1,1,0,1,0,2014,north
RD-P63,0,0,0,1,0,1,1,0,0,0,1,0,1,0,2014,north
RD-P62,0,0,1,1,1,1,0,1,0,0,1,0,1,0,2014,north
RD-P61,0,0,0,0,1,0,0,0,0,0,1,0,1,0,2014,north
RD-P60,0,0,0,1,0,0,0,0,0,0,1,0,1,0,2014,north
RD-P58,0,0,0,1,1,1,0,0,0,0,1,0,1,0,2014,north
RD-P57,0,0,0,0,0,0,1,0,0,0,1,0,1,0,2014,north
RD-P56,0,0,1,1,1,1,1,0,0,0,1,0,1,0,2014,north
RD-P55,0,0,1,1,1,1,1,1,1,0,1,0,1,0,2014,north
RD-P54,0,0,0,0,0,1,0,0,0,0,1,0,1,0,2014,north
RD-P52,0,0,0,1,0,0,1,0,0,0,1,0,1,0,2014,north
RD-P50,0,0,1,1,0,1,1,0,0,0,1,0,1,0,2014,north
RD-P49,0,0,0,1,1,1,1,1,0,0,1,0,1,0,2014,north
RD-P48,0,0,0,1,1,1,1,1,1,0,1,0,1,0,2014,north
RD-P47,0,0,0,0,0,0,1,1,0,0,1,0,1,0,2014,north
RD-P46,0,0,0,1,0,1,1,0,0,0,1,0,1,0,2014,north
RD-P44,0,0,1,1,1,1,0,1,0,0,1,0,1,0,2014,north
RD-P42,0,0,0,0,1,1,0,1,0,0,1,0,1,0,2014,north
RD-P40,0,0,0,1,1,1,1,1,0,0,1,0,1,0,2014,north
RD-P38,0,0,0,1,0,1,0,0,0,0,1,0,1,0,2014,north
RD-P37,0,0,1,1,1,0,0,0,1,0,1,0,1,0,2014,north
RD-P34,0,1,1,1,1,0,0,0,0,0,1,0,1,0,2014,north
RD-P32,0,0,1,0,1,0,0,0,0,0,1,0,1,0,2014,north
RD-P31,0,0,1,1,1,1,1,1,0,0,1,0,1,0,2014,north
RD-P30,0,0,1,1,1,1,1,1,1,0,1,0,1,0,2014,north
RD-P29,0,0,1,1,1,1,0,0,0,0,1,0,1,0,2014,north
RD-P28,0,0,1,1,1,1,1,1,1,0,1,0,1,0,2014,north
RD-P27,0,0,0,1,0,0,1,0,1,0,1,0,1,0,2014,north
RD-P25,0,0,1,1,1,1,0,0,0,0,1,0,1,0,2014,north
RD-P24,0,0,1,0,1,1,1,1,1,0,1,0,1,0,2014,north
RD-P23,0,0,1,1,1,0,1,1,0,0,1,0,1,0,2014,north
RD-P21,0,1,0,1,1,1,1,1,1,1,1,0,1,0,2014,north
RD-P19,0,0,0,0,1,0,0,0,0,0,1,0,1,0,2014,north
RD-P17,0,0,1,1,1,1,1,1,0,1,1,0,1,0,2014,north
RD-P16,0,0,1,1,1,1,0,1,0,0,1,0,1,0,2014,north
RD-P14,0,0,0,1,1,1,1,0,0,0,1,0,1,0,2014,north
RD-P13,0,1,1,1,1,1,1,1,0,0,1,0,1,0,2014,north
RD-N98,0,0,0,0,0,1,0,0,0,0,1,0,1,0,2014,north
RD-N97,1,1,1,1,0,1,0,0,1,0,1,0,1,0,2014,north
RD-N96,0,1,0,0,0,1,0,0,0,0,1,0,1,0,2014,north
RD-N95,0,0,0,1,1,0,0,1,0,0,1,0,1,0,2014,north
RD-N94,0,0,0,0,0,0,1,0,0,0,1,0,1,0,2014,north
RD-N93,0,0,1,1,0,0,0,0,0,0,1,0,1,0,2014,north
RD-N92,0,1,1,1,1,0,1,1,0,0,1,0,1,0,2014,north
RD-N91,0,1,0,1,0,0,1,0,0,0,1,0,1,0,2014,north
RD-N90,0,0,0,1,1,1,1,0,0,0,1,0,1,0,2014,north
RD-N81,1,1,1,0,0,0,0,0,0,0,1,0,1,0,2014,north
RD-K99,0,0,1,1,1,1,0,0,0,0,1,0,1,0,2014,north
RD-K98,0,0,0,1,1,0,0,0,0,0,1,0,1,0,2014,north
RD-K97,0,0,0,0,0,1,1,0,1,0,1,0,1,0,2014,north
RD-K96,0,0,0,0,1,0,0,0,0,0,1,0,1,0,2014,north
RD-K95,0,0,0,1,1,0,0,0,0,0,1,0,1,0,2014,north
RD-K94,0,0,0,1,0,1,1,0,0,1,1,0,1,0,2014,north
RD-K93,0,0,1,0,1,1,1,1,1,0,1,0,1,0,2014,north
RD-K92,0,0,0,1,1,1,1,1,0,0,1,0,1,0,2014,north
RD-K91,0,0,0,0,0,1,1,0,0,0,1,0,1,0,2014,north
RD-K89,0,0,0,0,0,0,1,0,0,0,1,0,1,0,2014,north
RD-K87,0,0,0,0,0,0,0,1,0,0,1,0,1,0,2014,north
RD-K86,0,0,0,1,0,0,0,0,0,0,1,0,1,0,2014,north
RD-K85,0,0,1,0,0,1,1,1,0,0,1,0,1,0,2014,north
RD-K84,0,0,0,0,1,1,1,1,0,0,1,0,1,0,2014,north
RD-K83,0,0,0,1,1,1,1,0,1,0,1,0,1,0,2014,north
RD-K82,0,0,1,1,0,1,1,1,0,0,1,0,1,0,2014,north
RD-K81,0,0,1,1,1,1,1,1,1,0,1,0,1,0,2014,north
RD-K80,0,0,0,0,0,0,1,1,0,0,1,0,1,0,2014,north
RD-K79,0,0,1,1,1,1,0,0,1,0,1,0,1,0,2014,north
RD-K78,0,0,1,0,1,0,1,1,1,0,1,0,1,0,2014,north
RD-K75,0,0,0,1,0,1,1,1,0,0,1,0,1,0,2014,north
RD-K74,0,0,0,1,0,0,0,1,0,0,1,0,1,0,2014,north
RD-K73,0,1,1,0,1,1,0,0,0,0,1,0,1,0,2014,north
RD-K72,0,0,0,0,1,0,0,0,0,0,1,0,1,0,2014,north
RD-K70,0,0,0,0,0,1,0,0,0,0,1,0,1,0,2014,north
RD-K69,0,0,0,1,1,0,0,0,0,0,1,0,1,0,2014,north
RD-K68,0,0,0,0,0,0,1,0,0,0,1,0,1,0,2014,north
RD-K67,0,1,1,1,1,1,1,0,0,0,1,0,1,0,2014,north
RD-K66,0,0,1,0,0,0,0,1,0,0,1,0,1,0,2014,north
RD-K64,0,0,0,1,0,1,0,0,0,0,1,0,1,0,2014,north
RD-K63,0,0,0,1,0,1,1,0,1,0,1,0,1,0,2014,north
RD-K62,0,0,0,0,1,1,1,1,1,0,1,0,1,0,2014,north
RD-K61,0,0,0,0,0,1,0,0,0,0,1,0,1,0,2014,north
RD-K60,0,0,1,0,0,1,0,0,1,0,1,0,1,0,2014,north
RD-K59,0,0,0,0,1,1,1,1,0,0,1,0,1,0,2014,north
RD-K58,0,0,0,0,0,0,1,0,0,0,1,0,1,0,2014,north
RD-K57,0,0,0,1,1,1,1,0,0,0,1,0,1,0,2014,north
RD-K56,0,0,0,0,0,0,1,1,0,0,1,0,1,0,2014,north
RD-K55,0,0,1,1,1,1,1,0,0,0,1,0,1,0,2014,north
RD-K54,0,0,0,1,1,0,1,1,0,0,1,0,1,0,2014,north
RD-K53,0,0,1,1,1,1,1,0,0,0,1,0,1,0,2014,north
RD-K52,0,0,0,1,0,0,1,0,0,0,1,0,1,0,2014,north
RD-K49,0,1,1,1,0,1,1,0,0,0,1,0,1,0,2014,north
RD-K48,0,1,1,1,1,1,1,0,0,0,1,0,1,0,2014,north
RD-K47,0,0,0,0,1,0,0,0,0,0,1,0,1,0,2014,north
RD-K46,0,0,1,0,1,1,0,1,0,0,1,0,1,0,2014,north
RD-K44,0,1,0,1,1,0,0,0,0,0,1,0,1,0,2014,north
RD-K43,0,0,0,1,1,0,1,1,0,0,1,0,1,0,2014,north
RD-K42,0,0,1,1,1,1,1,0,0,0,1,0,1,0,2014,north
RD-K00,0,0,0,0,1,0,0,0,1,0,1,0,1,0,2014,north
RD-J62,0,0,0,0,0,0,1,1,0,0,1,0,1,0,2014,north
RD-J49,0,0,0,0,1,1,1,1,1,0,1,0,1,0,2014,north
RD-J48,0,0,0,0,1,0,0,0,0,0,1,0,1,0,2014,north
RD-J47,0,0,0,0,0,1,0,0,0,0,1,0,1,0,2014,north
RD-J45,0,0,1,1,1,1,1,0,0,0,1,0,1,0,2014,north
RD-J44,0,0,0,0,0,0,0,1,0,0,1,0,1,0,2014,north
RD-J43,0,0,1,1,1,1,1,0,0,0,1,0,1,0,2014,north
RD-J42,0,0,0,1,1,1,1,1,0,0,1,0,1,0,2014,north
RD-J41,0,0,1,0,1,0,1,1,0,0,1,0,1,0,2014,north
RD-J40,0,0,1,0,1,1,0,0,0,0,1,0,1,0,2014,north
RD-J38,0,1,0,0,1,1,1,1,0,0,1,0,1,0,2014,north
RD-J36,0,0,1,0,1,1,1,1,1,0,1,0,1,0,2014,north
RD-B98,0,0,0,0,0,0,0,1,0,0,1,0,1,0,2014,north
RD-B95,0,0,0,1,0,0,0,1,0,0,1,0,1,0,2014,north
RD-B94,0,1,1,0,0,0,0,0,0,0,1,0,1,0,2014,north
RD-B93,0,0,1,1,1,1,1,0,0,0,1,0,1,0,2014,north
RD-B92,0,0,0,1,0,0,0,0,1,0,1,0,1,0,2014,north
RD-B91,0,0,1,0,1,0,0,0,0,0,1,0,1,0,2014,north
RD-B90,0,0,1,0,0,0,1,0,0,0,1,0,1,0,2014,north
RD-B89,0,0,0,1,1,0,0,0,1,0,1,0,1,0,2014,north
RD-B88,0,0,1,1,0,0,0,1,0,0,1,0,1,0,2014,north
RD-B87,0,0,0,0,1,1,0,0,0,0,1,0,1,0,2014,north
RD-B85,0,1,1,0,1,0,0,0,0,0,1,0,1,0,2014,north
RD-B84,0,0,0,0,0,1,1,0,0,0,1,0,1,0,2014,north
RD-B83,0,0,0,0,0,1,1,0,1,0,1,0,1,0,2014,north
DB-F16,0,0,1,1,0,0,0,0,0,0,1,0,1,0,2014,north
DB-F14,0,0,0,1,0,1,1,1,1,0,1,0,1,0,2014,north
DB-F13,0,0,1,1,1,0,0,0,1,0,1,0,1,0,2014,north
DB-F07,0,0,0,1,1,0,0,0,0,0,1,0,1,0,2014,north
DB-F02,0,1,1,0,1,1,1,0,0,0,1,0,1,0,2014,north
DB-F01,0,1,1,1,0,0,0,0,0,0,1,0,1,0,2014,north
DB-F00,0,0,1,0,1,0,0,0,0,0,1,0,1,0,2014,north
